ts_open,ts_close,symbol,side,entry,exit,qty,pnl,exit_type,entry_reason
1735696260000,1735699860000,BTCUSDT,SHORT,93711.69,93988.98603911661,0.1067,-44.60823397377286,TSL,donchian_breakout
1735711200000,1735714740000,BTCUSDT,SHORT,93746.98,93746.98,0.1066,-14.990142101999998,BE,donchian_breakout
1735717080000,1735719900000,BTCUSDT,LONG,93800.0,93594.1205765584,0.1066,-36.92890647897021,TSL,donchian_breakout
1735729320000,1735734000000,BTCUSDT,SHORT,93243.01,93609.40243082144,0.1072,-54.30020254349729,TSL,donchian_breakout
1735764540000,1735772520000,BTCUSDT,LONG,94847.98,94699.37677032672,0.10540000000000001,-30.646498960257382,TSL,donchian_breakout
1735783800000,1735798620000,BTCUSDT,LONG,95106.61,95476.00104789178,0.09920000000000001,22.464245688901666,TSL,donchian_breakout
1735803480000,1735826400000,BTCUSDT,LONG,95879.97,96415.25920773215,0.1042,40.74926328310523,TSL,donchian_breakout
1735852860000,1735870500000,BTCUSDT,SHORT,97122.1,97166.22208296551,0.1029,-19.534363593903507,TSL,donchian_breakout
1735874400000,1735884420000,BTCUSDT,SHORT,96901.28,96901.28,0.10310000000000001,-14.985782952000003,BE,donchian_breakout
1735909320000,1735913400000,BTCUSDT,SHORT,96601.01,96886.725020552,0.10350000000000001,-44.59099005810246,SL,donchian_breakout
1735938060000,1735944060000,BTCUSDT,SHORT,98276.01,98416.44355914727,0.0804,-23.15141310505767,TSL,donchian_breakout
1735983960000,1735987920000,BTCUSDT,SHORT,97751.88,97787.61657497518,0.1022,-18.640380374934942,TSL,donchian_breakout
1735988580000,1735990980000,BTCUSDT,SHORT,97771.5,97833.97328937332,0.1022,-21.377929701583383,TSL,donchian_breakout
1736011140000,1736017440000,BTCUSDT,LONG,97815.63,97944.95368037981,0.1022,-1.7881686042849072,TSL,donchian_breakout
1736029260000,1736030100000,BTCUSDT,SHORT,98329.98,98390.74260741386,0.10160000000000001,-21.163599975933924,TSL,donchian_breakout
1736039280000,1736042940000,BTCUSDT,SHORT,98153.84,98153.84,0.1018,-14.988091368000001,BE,donchian_breakout
1736043780000,1736048640000,BTCUSDT,LONG,98209.69,98103.767559698,0.1018,-25.77143690742708,TSL,donchian_breakout
1736062080000,1736065020000,BTCUSDT,SHORT,98366.17,97898.03189757511,0.10160000000000001,32.607499021772995,TP,donchian_breakout
1736078040000,1736079240000,BTCUSDT,SHORT,97616.55,97722.409228611,0.1024,-25.84201707852295,TSL,donchian_breakout
1736089560000,1736097360000,BTCUSDT,LONG,98007.57,97984.57308572982,0.10200000000000001,-17.339084201617553,TSL,donchian_breakout
1736103300000,1736114340000,BTCUSDT,LONG,97926.44,98492.7467967281,0.10210000000000001,42.77912471697904,TSL,donchian_breakout
1736125860000,1736128380000,BTCUSDT,SHORT,98095.02,98475.88631591885,0.1019,-53.83320910732426,TSL,donchian_breakout
1736149980000,1736155140000,BTCUSDT,LONG,99415.99,99155.73886852531,0.1005,-41.122582776671976,TSL,donchian_breakout
1736178300000,1736200620000,BTCUSDT,LONG,102172.99,101619.51855837378,0.0391,-27.616948681059853,TSL,donchian_breakout
1736203020000,1736210640000,BTCUSDT,LONG,102032.45,102032.45,0.098,-14.99877015,BE,donchian_breakout
1736213340000,1736224140000,BTCUSDT,SHORT,101685.27,101843.71603634245,0.0907,-28.21611477138188,TSL,donchian_breakout
1736239140000,1736242560000,BTCUSDT,LONG,101861.18,101667.73393345863,0.0981,-33.951698970362074,TSL,donchian_breakout
1736252880000,1736297040000,BTCUSDT,SHORT,100646.1,97170.19912281797,0.08660000000000001,288.16484733593745,TSL,donchian_breakout
1736344080000,1736372160000,BTCUSDT,SHORT,95153.16,94407.32328725337,0.054700000000000006,33.02054936038129,TSL,donchian_breakout
1736374080000,1736388360000,BTCUSDT,LONG,94742.02,94742.02,0.0787,-11.184295461000001,BE,donchian_breakout
1736394600000,1736400960000,BTCUSDT,SHORT,94104.5,94465.19236888869,0.0771,-38.71342410254892,TSL,donchian_breakout
1736415540000,1736428920000,BTCUSDT,LONG,93646.0,92823.84183742489,0.08990000000000001,-86.48474790139106,TSL,donchian_breakout
1736457780000,1736515800000,BTCUSDT,LONG,92425.96,94629.15677405306,0.0476,98.19429877609161,TSL,donchian_breakout
1736553600000,1736557260000,BTCUSDT,SHORT,94683.48,94683.48,0.1056,-14.997863231999998,BE,donchian_breakout
1736587380000,1736600760000,BTCUSDT,LONG,94199.0,94530.28161682528,0.1061,20.130846960502883,TSL,donchian_breakout
1736654340000,1736657460000,BTCUSDT,LONG,94622.4,94522.23626890767,0.1056,-25.557545195847027,TSL,donchian_breakout
1736664180000,1736679420000,BTCUSDT,SHORT,94446.68,93931.85853339169,0.1058,39.52027413453432,TSL,donchian_breakout
1736682120000,1736686560000,BTCUSDT,LONG,94348.55,94348.55,0.10590000000000001,-14.987267167500002,BE,donchian_breakout
1736707380000,1736727900000,BTCUSDT,SHORT,94969.67,94702.71094047543,0.1052,13.118942205781053,TSL,donchian_breakout
1736744700000,1736769840000,BTCUSDT,SHORT,94348.04,90568.14214868227,0.10590000000000001,385.6042146873883,TP,donchian_breakout
1736771820000,1736781660000,BTCUSDT,SHORT,90455.25,92897.89273691359,0.035300000000000005,-91.07956306700962,TSL,donchian_breakout
1736812500000,1736840100000,BTCUSDT,LONG,94509.99,94954.80387641779,0.079,23.91450719982731,TSL,donchian_breakout
1736853300000,1736861400000,BTCUSDT,SHORT,96530.39,96898.42285339937,0.10350000000000001,-53.10631192458037,TSL,donchian_breakout
1736883360000,1736897340000,BTCUSDT,LONG,97087.18,96520.28098384694,0.0761,-54.19116096490039,TSL,donchian_breakout
1736908320000,1736925720000,BTCUSDT,SHORT,96807.7,97386.89739698869,0.0872,-63.20633968717678,TSL,donchian_breakout
1736931720000,1736944980000,BTCUSDT,SHORT,97162.2,97162.2,0.1029,-14.996985570000001,BE,donchian_breakout
1736952660000,1736976900000,BTCUSDT,LONG,99257.95,99761.88287487243,0.0333,11.810444407202198,TSL,donchian_breakout
1736977260000,1736983680000,BTCUSDT,SHORT,99619.26,99984.71157058117,0.1003,-51.670001290689235,TSL,donchian_breakout
1737003900000,1737008520000,BTCUSDT,SHORT,99520.35,99520.35,0.1004,-14.987764710000002,BE,donchian_breakout
1737025200000,1737026820000,BTCUSDT,SHORT,99168.0,99168.0,0.1008,-14.9942016,BE,donchian_breakout
1737056220000,1737062400000,BTCUSDT,LONG,99925.97,99925.97,0.0776,-11.631382908,BE,donchian_breakout
1737072480000,1737084360000,BTCUSDT,LONG,100200.0,101030.19385070825,0.09960000000000001,67.65541204989403,TSL,donchian_breakout
1737102420000,1737152580000,BTCUSDT,LONG,101896.48,104762.37345882447,0.0859,232.86625147893756,TSL,donchian_breakout
1737166500000,1737171420000,BTCUSDT,LONG,104437.45,104020.76273310184,0.09570000000000001,-54.839059661071566,TSL,donchian_breakout
1737190080000,1737195180000,BTCUSDT,LONG,103258.84,102871.25448007311,0.052000000000000005,-28.193520720920844,TSL,donchian_breakout
1737200220000,1737203700000,BTCUSDT,LONG,103425.72,103425.72,0.0906,-14.055555348000002,BE,donchian_breakout
1737236160000,1737240840000,BTCUSDT,SHORT,103952.92,104283.36190888537,0.0766,-37.275024616285236,TSL,donchian_breakout
1737291420000,1737297960000,BTCUSDT,LONG,104949.99,104949.99,0.0863,-13.585776205500002,BE,donchian_breakout
1737307740000,1737315120000,BTCUSDT,SHORT,104556.0,105247.65185998518,0.0956,-81.16483965294456,TSL,donchian_breakout
1737321660000,1737348120000,BTCUSDT,SHORT,105702.98,102161.49724277454,0.056100000000000004,189.93128480035847,TSL,donchian_breakout
1737361260000,1737375180000,BTCUSDT,LONG,108173.33,107113.98715077242,0.029400000000000003,-35.89176511046554,TSL,donchian_breakout
1737481320000,1737494220000,BTCUSDT,LONG,105906.81,105906.81,0.038900000000000004,-6.179662363500001,BE,donchian_breakout
1737498660000,1737505020000,BTCUSDT,SHORT,106294.0,106294.0,0.0659,-10.5071619,BE,donchian_breakout
1737517500000,1737522180000,BTCUSDT,SHORT,105663.01,105663.01,0.0946,-14.993581119000002,BE,donchian_breakout
1737654420000,1737662460000,BTCUSDT,LONG,105896.4,103367.99404228087,0.0268,-71.96749398712231,TSL,donchian_breakout
1737676680000,1737689700000,BTCUSDT,SHORT,103937.88,103937.88,0.0942,-14.686422444000002,BE,donchian_breakout
1737723000000,1737723960000,BTCUSDT,LONG,105489.22,105489.22,0.0947,-14.984743701000003,BE,donchian_breakout
1737779100000,1737793080000,BTCUSDT,SHORT,104861.99,104459.98122266532,0.09530000000000001,23.350148586855905,TSL,donchian_breakout
1737825120000,1737828300000,BTCUSDT,SHORT,104548.1,105049.8197135126,0.0956,-62.99257545526244,SL,donchian_breakout
1737859980000,1737860520000,BTCUSDT,SHORT,104568.01,104776.73086354372,0.0956,-34.96373247469642,SL,donchian_breakout
1737873420000,1737878700000,BTCUSDT,SHORT,105017.99,105065.12495125414,0.0952,-19.487181766913167,TSL,donchian_breakout
1737883440000,1737887520000,BTCUSDT,SHORT,104896.55,104699.23579120266,0.09530000000000001,3.823185308960219,TSL,donchian_breakout
1737890340000,1737900300000,BTCUSDT,LONG,104837.01,104837.01,0.09530000000000001,-14.986450579500001,BE,donchian_breakout
1737950400000,1737981660000,BTCUSDT,SHORT,101234.72,99632.61962501971,0.07680000000000001,111.47135003608524,TSL,donchian_breakout
1738022160000,1738024260000,BTCUSDT,LONG,102088.34,102088.34,0.07540000000000001,-11.546191254000002,BE,donchian_breakout
1738026420000,1738035960000,BTCUSDT,SHORT,101680.7,102666.57561207814,0.064,-72.90470840238117,TSL,donchian_breakout
1738038360000,1738046580000,BTCUSDT,LONG,102955.45,102599.59941421982,0.0799,-40.750348139983444,TSL,donchian_breakout
1738059300000,1738073040000,BTCUSDT,LONG,103037.39,102345.3485111406,0.0859,-72.67814682160227,TSL,donchian_breakout
1738109160000,1738114500000,BTCUSDT,LONG,101480.16,101480.16,0.0985,-14.993693640000002,BE,donchian_breakout
1738116060000,1738141800000,BTCUSDT,LONG,101963.57,102529.33023490282,0.0888,36.62028170372559,TSL,donchian_breakout
1738176480000,1738178280000,BTCUSDT,LONG,102899.99,101415.83003535248,0.0684,-111.99794314970413,TSL,donchian_breakout
1738229340000,1738239360000,BTCUSDT,LONG,105293.94,105066.93682206918,0.0949,-36.51503699344552,TSL,donchian_breakout
1738240320000,1738243020000,BTCUSDT,SHORT,104974.0,105351.19135595979,0.0952,-50.925835750187424,TSL,donchian_breakout
1738274640000,1738276380000,BTCUSDT,SHORT,104970.86,105137.03557962035,0.0952,-30.821618924242273,TSL,donchian_breakout
1738284480000,1738290720000,BTCUSDT,LONG,104963.14,104317.8449421743,0.08,-64.18046372258651,TSL,donchian_breakout
1738302300000,1738305960000,BTCUSDT,SHORT,104300.55,104674.33664394078,0.09580000000000001,-50.82360609489395,TSL,donchian_breakout
1738314840000,1738320780000,BTCUSDT,SHORT,103950.23,104398.73115309431,0.08950000000000001,-54.12627721934271,TSL,donchian_breakout
1738371660000,1738379160000,BTCUSDT,LONG,102552.79,102370.24733562944,0.0975,-32.782906881297286,TSL,donchian_breakout
1738388340000,1738390920000,BTCUSDT,LONG,102549.39,102341.96689182463,0.0975,-35.20643351981304,TSL,donchian_breakout
1738414260000,1738417560000,BTCUSDT,LONG,102311.02,102079.09060172942,0.09770000000000001,-37.63618756537796,TSL,donchian_breakout
1738422180000,1738430280000,BTCUSDT,SHORT,101807.88,102216.4380631751,0.09820000000000001,-55.14679282914695,TSL,donchian_breakout
1738435980000,1738458120000,BTCUSDT,SHORT,101978.5,101010.09818883921,0.098,79.9837155268775,TSL,donchian_breakout
1738464780000,1738475640000,BTCUSDT,SHORT,100532.45,100281.16060479103,0.09910000000000001,9.97730745700737,TSL,donchian_breakout
1738477200000,1738482060000,BTCUSDT,LONG,100409.23,99653.8170138325,0.0777,-70.35426308994606,TSL,donchian_breakout
1738524600000,1738536000000,BTCUSDT,LONG,97716.31,96528.5581381703,0.028900000000000002,-38.536286323773275,TSL,donchian_breakout
1738562160000,1738591380000,BTCUSDT,LONG,94039.99,94272.12469549371,0.0323,2.9360896859482875,TSL,donchian_breakout
1738626840000,1738633080000,BTCUSDT,SHORT,101296.34,101296.34,0.0918,-13.948506018000002,BE,donchian_breakout
1738716360000,1738722240000,BTCUSDT,LONG,98256.34,97200.12767454865,0.0683,-82.15155938495545,TSL,donchian_breakout
1738737480000,1738754040000,BTCUSDT,SHORT,97720.0,98061.03568588514,0.0771,-37.61488977028096,TSL,donchian_breakout
1738807320000,1738852260000,BTCUSDT,LONG,97250.23,98067.3358923325,0.0747,50.09514352812009,TSL,donchian_breakout
1738861080000,1738882500000,BTCUSDT,SHORT,96420.01,96765.34081013125,0.056100000000000004,-27.501332083699836,TSL,donchian_breakout
1738884300000,1738893120000,BTCUSDT,SHORT,96486.76,97416.97205514967,0.0995,-107.02616549200843,TSL,donchian_breakout
1738943460000,1738954860000,BTCUSDT,LONG,99097.18,97646.49587919499,0.033100000000000004,-52.901806152346616,TSL,donchian_breakout
1738984320000,1738989600000,BTCUSDT,LONG,96876.29,96398.4869954321,0.1032,-64.26873781085266,TSL,donchian_breakout
1738995660000,1738998060000,BTCUSDT,SHORT,96068.02,96068.02,0.10400000000000001,-14.986611120000003,BE,donchian_breakout
1739001180000,1739004840000,BTCUSDT,LONG,96300.0,95901.74542398493,0.1038,-56.301730871621274,TSL,donchian_breakout
1739055780000,1739058900000,BTCUSDT,LONG,96506.18,96506.18,0.10360000000000001,-14.997060372,BE,donchian_breakout
1739095200000,1739098800000,BTCUSDT,SHORT,96868.73,96962.69668299849,0.1032,-24.69991411070852,TSL,donchian_breakout
1739100720000,1739103540000,BTCUSDT,SHORT,96702.69,96702.69,0.1034,-14.998587219000001,BE,donchian_breakout
1739132580000,1739134320000,BTCUSDT,LONG,96276.67,96276.67,0.1038,-14.990277519000001,BE,donchian_breakout
1739140440000,1739151600000,BTCUSDT,LONG,95776.13,96088.54776573481,0.0616,10.380786256487013,TSL,donchian_breakout
1739161860000,1739167020000,BTCUSDT,LONG,97118.35,97118.35,0.1017,-14.8154042925,BE,donchian_breakout
1739169180000,1739190720000,BTCUSDT,LONG,97175.83,97427.00439349478,0.0959,10.09081547239667,TSL,donchian_breakout
1739203860000,1739222160000,BTCUSDT,LONG,97353.36,97200.9529965763,0.07150000000000001,-21.330075779235514,TSL,donchian_breakout
1739231760000,1739244840000,BTCUSDT,LONG,97409.78,97514.93665864861,0.10260000000000001,-4.2103837695351,TSL,donchian_breakout
1739308680000,1739313300000,BTCUSDT,LONG,95575.16,95760.17927729228,0.0604,2.507673479192049,TSL,donchian_breakout
1739318400000,1739325000000,BTCUSDT,SHORT,95696.1,96262.27234189425,0.1044,-74.13873304812918,SL,donchian_breakout
1739332320000,1739339580000,BTCUSDT,SHORT,95418.26,95647.79502878526,0.1048,-39.07306294195813,TSL,donchian_breakout
1739344620000,1739356920000,BTCUSDT,LONG,95941.9,96213.2161654918,0.1042,13.25422211591317,TSL,donchian_breakout
1739370600000,1739379300000,BTCUSDT,SHORT,94515.97,96650.56294063594,0.0379,-86.33498114893955,TSL,donchian_breakout
1739389080000,1739414400000,BTCUSDT,LONG,96956.54,97603.29617593683,0.0683,34.207119208373804,TSL,donchian_breakout
1739451420000,1739457360000,BTCUSDT,SHORT,95786.63,95786.63,0.1043,-14.9858182635,BE,donchian_breakout
1739463900000,1739481000000,BTCUSDT,SHORT,95481.38,96522.43170052643,0.049100000000000005,-58.186178861719426,TSL,donchian_breakout
1739489940000,1739496840000,BTCUSDT,LONG,96517.48,96517.48,0.10360000000000001,-14.998816392000002,BE,donchian_breakout
1739518140000,1739534520000,BTCUSDT,LONG,97031.12,96794.07587448433,0.10300000000000001,-39.38854130941711,TSL,donchian_breakout
1739575560000,1739590500000,BTCUSDT,LONG,97367.3,97714.53003432743,0.1027,20.634346567032534,TSL,donchian_breakout
1739595720000,1739600520000,BTCUSDT,SHORT,97452.93,97655.41228560172,0.10260000000000001,-35.78826944161427,TSL,donchian_breakout
1739651940000,1739656980000,BTCUSDT,SHORT,97482.32,97686.773313135,0.10250000000000001,-35.96008864478363,TSL,donchian_breakout
1739710920000,1739711460000,BTCUSDT,SHORT,97090.32,97090.32,0.1029,-14.985890892,BE,donchian_breakout
1739723220000,1739727300000,BTCUSDT,LONG,97080.0,96972.80693556649,0.10300000000000001,-26.031464972423834,TSL,donchian_breakout
1739728440000,1739731740000,BTCUSDT,SHORT,96955.36,96955.36,0.10310000000000001,-14.994146424000002,BE,donchian_breakout
1739761740000,1739764440000,BTCUSDT,SHORT,96133.3,96254.65694868495,0.10400000000000001,-27.627383305231675,TSL,donchian_breakout
1739800920000,1739806260000,BTCUSDT,LONG,96451.13,96281.3850730252,0.10360000000000001,-32.56089085576367,TSL,donchian_breakout
1739810460000,1739823900000,BTCUSDT,SHORT,95371.83,95845.57741217906,0.0674,-41.596615525554185,TSL,donchian_breakout
1739835900000,1739843460000,BTCUSDT,SHORT,95727.27,96225.3117276756,0.1044,-67.02544351860867,TSL,donchian_breakout
1739855640000,1739872620000,BTCUSDT,SHORT,95944.32,95684.93032825606,0.1042,12.052577882566304,TSL,donchian_breakout
1739882040000,1739889360000,BTCUSDT,LONG,96028.7,96028.7,0.1041,-14.994881504999999,BE,donchian_breakout
1739917080000,1739927700000,BTCUSDT,LONG,95130.58,95130.58,0.0664,-9.475005768,BE,donchian_breakout
1739933040000,1739939820000,BTCUSDT,LONG,95721.11,95540.22582138679,0.1044,-33.860070842033785,TSL,donchian_breakout
1739958240000,1739969940000,BTCUSDT,LONG,95870.68,96140.14642449164,0.1043,13.085301177423172,TSL,donchian_breakout
1739984520000,1739992260000,BTCUSDT,LONG,96377.44,95446.34972364458,0.0873,-93.84384375798366,TSL,donchian_breakout
1740006000000,1740006060000,BTCUSDT,LONG,96571.78,96571.78,0.10350000000000001,-14.992768845000002,BE,donchian_breakout
1740016740000,1740030660000,BTCUSDT,LONG,96767.67,96986.91172091378,0.1033,7.636533551565514,TSL,donchian_breakout
1740035160000,1740037020000,BTCUSDT,SHORT,96821.0,97067.93632844125,0.1032,-40.490832766958746,TSL,donchian_breakout
1740047940000,1740058740000,BTCUSDT,LONG,97289.21,97289.21,0.1027,-14.987402800500002,BE,donchian_breakout
1740086700000,1740094500000,BTCUSDT,SHORT,98188.67,98452.84448536675,0.1018,-41.906542241292684,TSL,donchian_breakout
1740115980000,1740123360000,BTCUSDT,LONG,98316.42,98316.42,0.1017,-14.998169870999998,BE,donchian_breakout
1740163800000,1740178500000,BTCUSDT,SHORT,96718.18,95776.35348698763,0.045200000000000004,36.044993702949874,TSL,donchian_breakout
1740180060000,1740184080000,BTCUSDT,LONG,95943.01,95851.81127484918,0.1042,-24.491672443343948,TSL,donchian_breakout
1740199200000,1740206520000,BTCUSDT,LONG,96462.49,96337.21556694424,0.10360000000000001,-27.958968387128476,TSL,donchian_breakout
1740208020000,1740211080000,BTCUSDT,LONG,96489.72,96329.24765277935,0.10360000000000001,-31.606968958680643,TSL,donchian_breakout
1740217560000,1740232500000,BTCUSDT,LONG,96430.01,96552.4495553036,0.1037,-2.3122289069303053,TSL,donchian_breakout
1740247800000,1740250440000,BTCUSDT,LONG,96720.07,96488.4764064405,0.1033,-38.89245034753578,TSL,donchian_breakout
1740253020000,1740254760000,BTCUSDT,LONG,96630.4,96544.60046760904,0.1034,-23.852392935487963,TSL,donchian_breakout
1740258300000,1740261420000,BTCUSDT,SHORT,96528.03,96673.10980980896,0.10350000000000001,-30.012998792963586,TSL,donchian_breakout
1740263640000,1740264180000,BTCUSDT,SHORT,96623.28,96623.28,0.1034,-14.986270728000001,BE,donchian_breakout
1740285900000,1740289500000,BTCUSDT,SHORT,96416.25,96247.23740217942,0.1037,2.5422036612892276,TP,donchian_breakout
1740298860000,1740309300000,BTCUSDT,SHORT,96374.93,96175.36696787179,0.1037,5.719087085018925,TSL,donchian_breakout
1740342780000,1740344040000,BTCUSDT,SHORT,95694.01,95770.33287368,0.1044,-22.959766059202018,TSL,donchian_breakout
1740355680000,1740367020000,BTCUSDT,LONG,96419.23,95674.22863730339,0.0902,-80.1942453920478,TSL,donchian_breakout
1740367440000,1740375180000,BTCUSDT,SHORT,95615.0,95615.0,0.10450000000000001,-14.987651250000003,BE,donchian_breakout
1740376500000,1740385140000,BTCUSDT,LONG,95764.98,95627.64293795927,0.1044,-29.324031653093613,TSL,donchian_breakout
1740393180000,1740399000000,BTCUSDT,SHORT,95501.0,95782.23081427852,0.0748,-31.76705415671422,TSL,donchian_breakout
1740400620000,1740408060000,BTCUSDT,LONG,95924.52,95332.35309303195,0.1042,-76.65051633829128,TSL,donchian_breakout
1740411960000,1740452160000,BTCUSDT,SHORT,93911.08,92320.42202744806,0.0398,57.74917697204791,TSL,donchian_breakout
1740453240000,1740488220000,BTCUSDT,SHORT,92151.5,89165.48983400367,0.0698,198.9315651687334,TSL,donchian_breakout
1740500760000,1740519660000,BTCUSDT,SHORT,86371.86,88244.4212343434,0.028900000000000002,-57.901827568278776,TSL,donchian_breakout
1740519900000,1740529080000,BTCUSDT,LONG,88539.38,88372.4517771819,0.0523,-15.669712654847164,TSL,donchian_breakout
1740628560000,1740664200000,BTCUSDT,LONG,85324.46,85872.30750593427,0.0673,28.228980309513663,TSL,donchian_breakout
1740777000000,1740789540000,BTCUSDT,LONG,84471.42,84124.94224510556,0.043500000000000004,-20.572238656154724,TSL,donchian_breakout
1740808020000,1740818100000,BTCUSDT,SHORT,85682.7,85296.3980725668,0.11670000000000001,30.11648937265347,TSL,donchian_breakout
1740824520000,1740833640000,BTCUSDT,SHORT,85009.06,84891.99259995182,0.0796,-0.8245277963818918,TSL,donchian_breakout
1740872940000,1740874860000,BTCUSDT,LONG,85910.0,85910.0,0.1164,-14.999886000000002,BE,donchian_breakout
1740913800000,1740916080000,BTCUSDT,LONG,86044.7,86044.7,0.11620000000000001,-14.997591210000001,BE,donchian_breakout
1740933300000,1740962280000,BTCUSDT,LONG,90140.01,93399.12664907098,0.016300000000000002,50.8798354343222,TSL,donchian_breakout
1740968520000,1741000140000,BTCUSDT,SHORT,92725.06,92725.06,0.0483,-6.7179305970000005,BE,donchian_breakout
1741009200000,1741012680000,BTCUSDT,LONG,93321.95,91954.99912474773,0.0695,-104.66064680316003,SL,donchian_breakout
1741108500000,1741128720000,BTCUSDT,LONG,84025.67,87619.5846360976,0.0235,81.4317463353324,TSL,donchian_breakout
1741132800000,1741137900000,BTCUSDT,SHORT,87158.11,87158.11,0.1005,-13.139085082500001,BE,donchian_breakout
1741188480000,1741205160000,BTCUSDT,SHORT,87985.99,90081.69171812868,0.0224,-49.935255538946976,TSL,donchian_breakout
1741222560000,1741225560000,BTCUSDT,SHORT,90004.01,91176.74520729465,0.0806,-105.47483436022995,SL,donchian_breakout
1741239300000,1741245120000,BTCUSDT,LONG,92579.99,91618.89716086612,0.048600000000000004,-53.423161418920245,TSL,donchian_breakout
1741295580000,1741306500000,BTCUSDT,LONG,89475.88,89457.89957679126,0.0539,-8.20254285034331,TSL,donchian_breakout
1741394760000,1741397400000,BTCUSDT,LONG,86837.63,86032.31600565092,0.0974,-91.06573260531341,TSL,donchian_breakout
1741417680000,1741427520000,BTCUSDT,LONG,86534.7,85957.959313214,0.1155,-81.55572593678984,TSL,donchian_breakout
1741429500000,1741450800000,BTCUSDT,LONG,86153.4,86153.4,0.116,-14.9906916,BE,donchian_breakout
1741466880000,1741471740000,BTCUSDT,LONG,86321.98,86229.81897186811,0.1158,-25.658370798379174,TSL,donchian_breakout
1741480140000,1741488480000,BTCUSDT,LONG,86400.0,86036.79933390277,0.11570000000000001,-56.98552032964842,TSL,donchian_breakout
1741500060000,1741528980000,BTCUSDT,SHORT,85963.01,83439.87958551999,0.1163,278.66390015992806,TP,donchian_breakout
1741588800000,1741598100000,BTCUSDT,SHORT,82071.82,82071.82,0.1096,-13.492607208000003,BE,donchian_breakout
1741658400000,1741698480000,BTCUSDT,LONG,79257.71,80763.61680945734,0.0335,46.42734228073295,TSL,donchian_breakout
1741765620000,1741789920000,BTCUSDT,LONG,81980.0,81902.84432970658,0.0651,-13.024414010499413,TSL,donchian_breakout
1741791660000,1741803660000,BTCUSDT,SHORT,81408.28,82655.33601154716,0.0451,-61.79167793236749,TSL,donchian_breakout
1741811460000,1741844280000,BTCUSDT,LONG,82978.63,83156.13173090784,0.1139,6.0253851295401,TSL,donchian_breakout
1741847040000,1741861800000,BTCUSDT,SHORT,82873.49,83387.13463986959,0.09000000000000001,-57.4506097514538,TSL,donchian_breakout
1741905720000,1741908540000,BTCUSDT,LONG,81097.05,81097.05,0.1233,-14.998899397500002,BE,donchian_breakout
1741915920000,1741929120000,BTCUSDT,LONG,81579.6,81877.28062249874,0.12040000000000001,21.080590628636376,TSL,donchian_breakout
1741930560000,1741965120000,BTCUSDT,LONG,82016.82,84448.80741509076,0.12190000000000001,281.2401459131386,TP,donchian_breakout
1741973160000,1741990620000,BTCUSDT,SHORT,84309.97,84334.77780631256,0.057300000000000004,-8.668995338685837,TSL,donchian_breakout
1742006520000,1742012460000,BTCUSDT,LONG,84420.08,84360.61015871512,0.1184,-22.02895449422383,TSL,donchian_breakout
1742016180000,1742024040000,BTCUSDT,SHORT,84330.0,83810.26381132868,0.11850000000000001,46.645272411319446,TP,donchian_breakout
1742052000000,1742064120000,BTCUSDT,LONG,84360.0,84157.0260762217,0.11850000000000001,-39.02936066025357,TSL,donchian_breakout
1742081100000,1742085540000,BTCUSDT,SHORT,84300.0,84300.0,0.11860000000000001,-14.996970000000001,BE,donchian_breakout
1742095980000,1742107980000,BTCUSDT,LONG,84143.97,84253.36986959445,0.1188,-2.007498474560622,TSL,donchian_breakout
1742108280000,1742110560000,BTCUSDT,SHORT,84239.92,84239.92,0.1187,-14.998917756,BE,donchian_breakout
1742112720000,1742137380000,BTCUSDT,SHORT,84228.38,83463.34061695564,0.1187,75.88141933944159,TSL,donchian_breakout
1742140440000,1742150100000,BTCUSDT,LONG,83403.89,83893.86234935974,0.09230000000000001,33.64326093951969,TSL,donchian_breakout
1742171280000,1742189760000,BTCUSDT,LONG,82868.0,83209.06180792025,0.0732,15.848093646507778,TSL,donchian_breakout
1742208840000,1742212800000,BTCUSDT,SHORT,83271.77,83873.13558571179,0.11510000000000001,-83.64596289011298,TSL,donchian_breakout
1742232120000,1742243580000,BTCUSDT,LONG,83927.59,84027.84480502401,0.0811,-2.085224634567986,TSL,donchian_breakout
1742250840000,1742252400000,BTCUSDT,LONG,84249.99,84058.04021701208,0.11860000000000001,-37.7362435501712,TSL,donchian_breakout
1742253660000,1742254500000,BTCUSDT,SHORT,83929.8,83929.8,0.11910000000000001,-14.994058770000002,BE,donchian_breakout
1742257620000,1742285040000,BTCUSDT,SHORT,83846.12,83267.48298799706,0.1192,54.03357572362249,TSL,donchian_breakout
1742302560000,1742327820000,BTCUSDT,SHORT,82372.43,82411.12783145597,0.0857,-13.907867335394485,TSL,donchian_breakout
1742332380000,1742406420000,BTCUSDT,LONG,82140.97,83784.06795428866,0.1217,184.82021319765266,TSL,donchian_breakout
1742414580000,1742434260000,BTCUSDT,LONG,85691.09,86135.46746332628,0.0367,11.579126909896425,TSL,donchian_breakout
1742444160000,1742450040000,BTCUSDT,SHORT,85782.61,85782.61,0.1165,-14.9905110975,BE,donchian_breakout
1742456460000,1742460540000,BTCUSDT,SHORT,85782.6,86243.19398957353,0.1165,-68.68995353515419,TSL,donchian_breakout
1742488080000,1742501760000,BTCUSDT,SHORT,84120.01,84324.73635100506,0.046900000000000004,-15.526709815034334,TSL,donchian_breakout
1742518260000,1742526420000,BTCUSDT,LONG,84520.0,84520.0,0.1183,-14.998074,BE,donchian_breakout
1742531280000,1742536020000,BTCUSDT,LONG,84676.7,84358.32831052555,0.11800000000000001,-52.52745936346579,TSL,donchian_breakout
1742552160000,1742560800000,BTCUSDT,LONG,84282.23,83782.82443220947,0.11860000000000001,-74.17888693170156,TSL,donchian_breakout
1742571660000,1742582220000,BTCUSDT,SHORT,83657.64,84342.56698897318,0.076,-61.63046296033318,TSL,donchian_breakout
1742589480000,1742596080000,BTCUSDT,LONG,84137.55,84273.7463120896,0.1119,1.1064492798336918,TSL,donchian_breakout
1742600340000,1742603160000,BTCUSDT,SHORT,84076.5,84204.41422599228,0.1189,-30.215451996585074,TSL,donchian_breakout
1742626800000,1742629800000,BTCUSDT,LONG,84366.83,84271.87928024308,0.11850000000000001,-26.23942557847642,TSL,donchian_breakout
1742661000000,1742672880000,BTCUSDT,LONG,84149.99,84208.57424115128,0.1188,-8.040940225115552,TSL,donchian_breakout
1742683860000,1742688360000,BTCUSDT,SHORT,83958.83,83876.84527450129,0.11910000000000001,-5.227540886998377,TSL,donchian_breakout
1742695740000,1742697120000,BTCUSDT,SHORT,84006.17,84154.60097040652,0.11900000000000001,-32.67163428748509,TSL,donchian_breakout
1742698320000,1742702400000,BTCUSDT,LONG,84265.65,84155.79910189165,0.11860000000000001,-28.009404413262775,TSL,donchian_breakout
1742720460000,1742722800000,BTCUSDT,LONG,84358.5,84362.6403070681,0.11850000000000001,-14.504464957221163,TSL,donchian_breakout
1742724780000,1742724900000,BTCUSDT,SHORT,84314.32,84333.97541510063,0.11860000000000001,-17.332398108107633,TSL,donchian_breakout
1742771820000,1742780160000,BTCUSDT,LONG,85599.52,85599.52,0.1168,-14.997035904,BE,donchian_breakout
1742812260000,1742817660000,BTCUSDT,LONG,87482.52,87384.51314776998,0.11180000000000001,-25.619766808757646,TSL,donchian_breakout
1742848680000,1742893380000,BTCUSDT,SHORT,88160.71,86778.01767677696,0.1034,129.40388788992905,TSL,donchian_breakout
1742902560000,1742939700000,BTCUSDT,LONG,87437.01,87892.05557372079,0.08270000000000001,26.75748365449978,TSL,donchian_breakout
1743028080000,1743035460000,BTCUSDT,SHORT,86765.19,87122.4568476521,0.1051,-51.25543945100105,TSL,donchian_breakout
1743064500000,1743072420000,BTCUSDT,LONG,87489.99,87185.62986149883,0.11420000000000001,-49.71889465797118,TSL,donchian_breakout
1743091620000,1743116460000,BTCUSDT,LONG,87154.11,87282.13214133863,0.09240000000000001,-0.2591857207052044,TSL,donchian_breakout
1743159240000,1743165000000,BTCUSDT,SHORT,85028.26,85506.21296352237,0.11760000000000001,-71.2484090256138,TSL,donchian_breakout
1743202500000,1743215040000,BTCUSDT,LONG,84396.23,84210.43198658981,0.1184,-36.97075637217469,TSL,donchian_breakout
1743220080000,1743226260000,BTCUSDT,LONG,84252.0,83926.20931811407,0.11860000000000001,-53.59822659051799,TSL,donchian_breakout
1743245160000,1743254340000,BTCUSDT,SHORT,83189.77,82690.12908738374,0.0936,35.12162050494775,TSL,donchian_breakout
1743254700000,1743266640000,BTCUSDT,LONG,82778.53,82340.01798142449,0.1208,-67.93199229103838,TSL,donchian_breakout
1743274140000,1743287640000,BTCUSDT,LONG,82616.86,82441.29374949032,0.09680000000000001,-28.978035011550446,TSL,donchian_breakout
1743287940000,1743289020000,BTCUSDT,SHORT,82389.55,82389.55,0.1213,-14.9907786225,BE,donchian_breakout
1743312660000,1743315420000,BTCUSDT,LONG,83216.98,82913.40141412454,0.12010000000000001,-51.42398226951923,TSL,donchian_breakout
1743324720000,1743329880000,BTCUSDT,LONG,83364.09,83364.09,0.1199,-14.9930315865,BE,donchian_breakout
1743364920000,1743368580000,BTCUSDT,SHORT,82531.43,82670.18268361624,0.1211,-31.807386457916508,TSL,donchian_breakout
1743379200000,1743394680000,BTCUSDT,LONG,82444.89,81574.16502015317,0.0734,-72.94046249961643,TSL,donchian_breakout
1743396960000,1743406620000,BTCUSDT,LONG,81801.89,81801.89,0.1222,-14.994286437000001,BE,donchian_breakout
1743417600000,1743427920000,BTCUSDT,LONG,81869.6,81901.78400446908,0.0873,-7.913267777542265,TSL,donchian_breakout
1743432600000,1743442980000,BTCUSDT,LONG,83723.42,82903.03903238315,0.0388,-36.679611501375966,TSL,donchian_breakout
1743445740000,1743450720000,BTCUSDT,LONG,83350.0,82468.39303880872,0.049600000000000005,-49.89614949613131,TSL,donchian_breakout
1743473640000,1743507600000,BTCUSDT,LONG,82845.09,83842.70421771369,0.1207,105.32262350648426,TSL,donchian_breakout
1743509280000,1743516060000,BTCUSDT,LONG,84074.85,83383.65108380624,0.1189,-97.11666296958735,TSL,donchian_breakout
1743520380000,1743544500000,BTCUSDT,LONG,84671.44,85184.79413306736,0.0361,13.933226664578951,TSL,donchian_breakout
1743552060000,1743582360000,BTCUSDT,SHORT,85133.78,84509.34468967907,0.1174,58.37162830275079,TSL,donchian_breakout
1743668100000,1743676800000,BTCUSDT,LONG,83696.39,83225.79202623626,0.08070000000000001,-48.080221549871695,TSL,donchian_breakout
1743731700000,1743744960000,BTCUSDT,SHORT,82813.68,83154.73889229595,0.1075,-50.04503469500682,TSL,donchian_breakout
1743746400000,1743761400000,BTCUSDT,LONG,83231.62,83813.87950656716,0.12010000000000001,54.88274337066225,TSL,donchian_breakout
1743797580000,1743801480000,BTCUSDT,SHORT,83808.99,84190.80614158844,0.049600000000000005,-25.187673039253657,TSL,donchian_breakout
1743804900000,1743815160000,BTCUSDT,SHORT,84088.0,83953.41679000709,0.1189,1.01685032590815,TSL,donchian_breakout
1743816180000,1743822420000,BTCUSDT,LONG,84175.02,83871.8243209369,0.0979,-42.02169652454311,TSL,donchian_breakout
1743832560000,1743840300000,BTCUSDT,SHORT,83670.81,83579.66457117007,0.11950000000000001,-4.097945038264689,TSL,donchian_breakout
1743843900000,1743849420000,BTCUSDT,LONG,83575.82,83685.56555220457,0.11960000000000001,-1.8777782403669123,TSL,donchian_breakout
1743854280000,1743870960000,BTCUSDT,SHORT,83443.48,82778.01734642086,0.1198,64.78742436220412,TSL,donchian_breakout
1743884880000,1743905460000,BTCUSDT,LONG,83042.33,83424.5487911728,0.12040000000000001,30.98718330236174,TSL,donchian_breakout
1743915480000,1743918000000,BTCUSDT,LONG,83493.84,83338.33414450794,0.1197,-33.59140933622209,TSL,donchian_breakout
1743927900000,1743931200000,BTCUSDT,SHORT,82844.01,83052.18865402298,0.1207,-40.14491692372917,TSL,donchian_breakout
1743956280000,1743980820000,BTCUSDT,SHORT,82392.29,77732.29978767,0.10060000000000001,456.71361506091813,TP,donchian_breakout
1743991080000,1743997440000,BTCUSDT,LONG,79229.06,77435.68907220851,0.049100000000000005,-93.82369193914622,TSL,donchian_breakout
1744042860000,1744058460000,BTCUSDT,SHORT,77812.58,79001.81497599542,0.0245,-32.017721419571785,TSL,donchian_breakout
1744065720000,1744074000000,BTCUSDT,LONG,79933.0,78936.9871993701,0.0947,-105.60615306048733,SL,donchian_breakout
1744080840000,1744112100000,BTCUSDT,SHORT,79985.14,79689.72431957486,0.0728,12.788013943101387,TSL,donchian_breakout
1744133160000,1744173840000,BTCUSDT,SHORT,76724.01,76614.04423502607,0.0347,-0.17481081687139777,TSL,donchian_breakout
1744176420000,1744196460000,BTCUSDT,LONG,76750.01,76788.77530002414,0.0613,-4.682632762688781,TSL,donchian_breakout
1744222680000,1744242780000,BTCUSDT,LONG,82666.66,82585.75161281993,0.0171,-3.5028955997135878,TSL,donchian_breakout
1744255920000,1744263660000,BTCUSDT,SHORT,81503.99,82219.65182077193,0.067,-56.176454993213056,TSL,donchian_breakout
1744295640000,1744299540000,BTCUSDT,LONG,81625.38,79292.2996393301,0.0335,-82.20124878337998,TSL,donchian_breakout
1744318080000,1744322580000,BTCUSDT,LONG,79948.01,79548.43895916603,0.125,-64.8991721941675,TSL,donchian_breakout
1744338180000,1744373520000,BTCUSDT,LONG,80531.99,81891.23184093725,0.0592,73.25552593374744,TSL,donchian_breakout
1744406400000,1744406460000,BTCUSDT,LONG,84051.98,84051.98,0.1189,-14.990670633,BE,donchian_breakout
1744410660000,1744415700000,BTCUSDT,SHORT,83405.07,83558.68955507898,0.1198,-33.40531649448454,TSL,donchian_breakout
1744435080000,1744449180000,BTCUSDT,LONG,83443.51,83551.7209371215,0.08020000000000001,-1.3662459837231813,TSL,donchian_breakout
1744453080000,1744456740000,BTCUSDT,SHORT,83440.78,83628.47446550816,0.1198,-37.49696948160356,TSL,donchian_breakout
1744477800000,1744482300000,BTCUSDT,SHORT,84518.86,84943.35917315705,0.1183,-65.25378758061714,TSL,donchian_breakout
1744498260000,1744505280000,BTCUSDT,SHORT,85358.6,85358.6,0.11710000000000001,-14.993238090000002,BE,donchian_breakout
1744516200000,1744516440000,BTCUSDT,LONG,85558.82,85558.82,0.1168,-14.989905264,BE,donchian_breakout
1744531140000,1744537140000,BTCUSDT,SHORT,84413.1,84791.04684891315,0.1184,-59.77423515149921,TSL,donchian_breakout
1744570920000,1744589700000,BTCUSDT,SHORT,84584.61,84238.64894508052,0.1182,25.926414786000763,TSL,donchian_breakout
1744648860000,1744666260000,BTCUSDT,LONG,84591.22,84876.89375287322,0.0519,8.229921446289486,TSL,donchian_breakout
1744669320000,1744680720000,BTCUSDT,SHORT,84456.0,85009.73478361158,0.0918,-62.50056897539474,TSL,donchian_breakout
1744694520000,1744709760000,BTCUSDT,LONG,85725.59,85606.63468966223,0.0878,-21.726503243470404,TSL,donchian_breakout
1744800600000,1744810260000,BTCUSDT,LONG,83983.63,83592.2539875328,0.11900000000000001,-61.529893129485494,TSL,donchian_breakout
1744834800000,1744846620000,BTCUSDT,LONG,84515.34,84202.68339979427,0.1145,-50.28784098301256,TSL,donchian_breakout
1744865160000,1744877700000,BTCUSDT,LONG,84075.78,84698.15327840218,0.1189,58.949767301918286,TSL,donchian_breakout
1744879680000,1744890000000,BTCUSDT,SHORT,84536.29,84536.29,0.1182,-14.988284217,BE,donchian_breakout
1744900440000,1744907460000,BTCUSDT,SHORT,83945.97,84985.43584576077,0.08560000000000001,-99.82367265242002,TSL,donchian_breakout
1744913280000,1744924260000,BTCUSDT,LONG,85240.78,84947.9323522509,0.11380000000000001,-47.85166891311287,TSL,donchian_breakout
1744925220000,1744926360000,BTCUSDT,SHORT,84900.0,85027.72696597228,0.1177,-30.03383399285863,TSL,donchian_breakout
1744932060000,1744940460000,BTCUSDT,LONG,84934.55,84934.55,0.1177,-14.9951948025,BE,donchian_breakout
1744942020000,1744959900000,BTCUSDT,SHORT,84864.68,84656.92179812316,0.1178,9.496682662226373,TSL,donchian_breakout
1744967760000,1744977540000,BTCUSDT,SHORT,84538.0,84654.09411356186,0.1182,-28.721203366179488,TSL,donchian_breakout
1744988520000,1744992120000,BTCUSDT,LONG,84598.75,84316.44553858251,0.1182,-48.342719424042286,TSL,donchian_breakout
1744994880000,1744998000000,BTCUSDT,SHORT,84451.3,84570.36727470621,0.1184,-29.106689379208625,TSL,donchian_breakout
1745011860000,1745011920000,BTCUSDT,LONG,84530.09,84530.09,0.1183,-14.9998644705,BE,donchian_breakout
1745022540000,1745024940000,BTCUSDT,SHORT,84364.46,84557.88446334522,0.11850000000000001,-37.93377227058816,TSL,donchian_breakout
1745036880000,1745038680000,BTCUSDT,LONG,85014.98,85014.98,0.11760000000000001,-14.996642472000001,BE,donchian_breakout
1745060580000,1745061300000,BTCUSDT,LONG,85267.01,85194.27691369022,0.11720000000000001,-23.507864835218896,SL,donchian_breakout
1745064120000,1745065200000,BTCUSDT,LONG,85235.43,85235.43,0.1173,-14.9971739085,BE,donchian_breakout
1745066460000,1745066820000,BTCUSDT,LONG,85324.72,85266.15384139722,0.11710000000000001,-21.84024066750689,SL,donchian_breakout
1745087640000,1745089320000,BTCUSDT,LONG,85313.02,85062.4016675884,0.11720000000000001,-44.348468123220435,SL,donchian_breakout
1745091780000,1745094720000,BTCUSDT,SHORT,85089.85,85221.20062358673,0.11750000000000001,-30.442359607643702,TSL,donchian_breakout
1745111460000,1745117520000,BTCUSDT,LONG,85248.79,85212.92968906813,0.1173,-19.202784261953493,TSL,donchian_breakout
1745119020000,1745123220000,BTCUSDT,SHORT,85179.62,85208.15611306197,0.1173,-18.337150665715857,TSL,donchian_breakout
1745127000000,1745128200000,BTCUSDT,SHORT,85141.42,85149.76352695478,0.1174,-15.973668774039211,TSL,donchian_breakout
1745128740000,1745145780000,BTCUSDT,SHORT,85088.54,84246.60868220875,0.11750000000000001,84.00426986285116,TP,donchian_breakout
1745151720000,1745154600000,BTCUSDT,LONG,84349.97,84296.53352983155,0.11850000000000001,-21.320679716175523,TSL,donchian_breakout
1745193480000,1745227560000,BTCUSDT,LONG,85186.55,87373.23328269848,0.1173,241.31700212623582,TSL,donchian_breakout
1745239320000,1745242020000,BTCUSDT,SHORT,87181.65,87181.65,0.11470000000000001,-14.9996028825,BE,donchian_breakout
1745276220000,1745282160000,BTCUSDT,LONG,87158.98,87158.98,0.11470000000000001,-14.995702509000003,BE,donchian_breakout
1745293260000,1745313060000,BTCUSDT,LONG,88270.01,88344.51564311063,0.11320000000000001,-6.560534426976213,TSL,donchian_breakout
1745344680000,1745355060000,BTCUSDT,LONG,91467.05,91185.51783271942,0.0711,-29.75688527332954,TSL,donchian_breakout
1745355420000,1745356920000,BTCUSDT,SHORT,91065.83,91572.23335862259,0.10980000000000001,-70.64333329434243,TSL,donchian_breakout
1745369220000,1745380740000,BTCUSDT,SHORT,92998.0,93194.25167459773,0.0597,-20.052983042214812,TSL,donchian_breakout
1745423760000,1745435640000,BTCUSDT,LONG,93042.4,93355.15311362667,0.047400000000000005,8.198064572715067,TSL,donchian_breakout
1745439300000,1745444460000,BTCUSDT,LONG,93707.65,93549.43856949211,0.08950000000000001,-26.729555100683022,TSL,donchian_breakout
1745459700000,1745465700000,BTCUSDT,LONG,93517.99,92972.17822115881,0.10690000000000001,-73.29912839525474,TSL,donchian_breakout
1745477760000,1745486220000,BTCUSDT,SHORT,92367.9,92367.9,0.1082,-14.99131017,BE,donchian_breakout
1745488380000,1745501460000,BTCUSDT,SHORT,92249.02,92847.4621175311,0.10840000000000001,-79.91946953652652,TSL,donchian_breakout
1745533860000,1745547060000,BTCUSDT,LONG,93579.99,93582.96996563698,0.09770000000000001,-13.423223248749855,TSL,donchian_breakout
1745563980000,1745577420000,BTCUSDT,LONG,93612.56,93612.56,0.1068,-14.996732112,BE,donchian_breakout
1745600700000,1745613600000,BTCUSDT,LONG,95429.68,94826.34284194522,0.0843,-62.89025946819895,TSL,donchian_breakout
1745619960000,1745623380000,BTCUSDT,LONG,94847.2,94708.0663596564,0.10540000000000001,-29.649029497946263,TSL,donchian_breakout
1745658240000,1745669520000,BTCUSDT,SHORT,94241.16,94241.16,0.1061,-14.998480614,BE,donchian_breakout
1745678460000,1745685720000,BTCUSDT,LONG,94246.85,94143.76488395607,0.1061,-25.92851399165223,TSL,donchian_breakout
1745696220000,1745700960000,BTCUSDT,LONG,94260.32,94130.55473507567,0.10600000000000001,-28.732192623418467,TSL,donchian_breakout
1745757060000,1745763540000,BTCUSDT,SHORT,93760.01,94139.94077638701,0.1066,-55.523221827428095,TSL,donchian_breakout
1745778840000,1745781600000,BTCUSDT,LONG,94233.08,94201.0809643463,0.1061,-18.389746041595625,TSL,donchian_breakout
1745798760000,1745800260000,BTCUSDT,SHORT,93644.01,93644.01,0.1067,-14.9877238005,BE,donchian_breakout
1745809140000,1745847120000,BTCUSDT,LONG,93621.64,94854.29219428165,0.1068,116.55033218051794,TSL,donchian_breakout
1745852820000,1745865360000,BTCUSDT,SHORT,94242.42,93987.31173956668,0.07880000000000001,8.978153776337269,TSL,donchian_breakout
1745865540000,1745874420000,BTCUSDT,LONG,94043.47,94505.97321205199,0.1063,34.13198708104569,TSL,donchian_breakout
1745876220000,1745877960000,BTCUSDT,SHORT,94322.04,94635.81799310967,0.10600000000000001,-48.28261698007765,TSL,donchian_breakout
1745881500000,1745889300000,BTCUSDT,LONG,94932.59,94932.59,0.1053,-14.994602590500001,BE,donchian_breakout
1745971860000,1745993160000,BTCUSDT,LONG,94379.99,94887.43400222658,0.10590000000000001,38.70575468441768,TSL,donchian_breakout
1746032940000,1746036420000,BTCUSDT,SHORT,93830.4,94334.78929441936,0.10650000000000001,-68.74715435055413,TSL,donchian_breakout
1746054240000,1746060840000,BTCUSDT,SHORT,94016.0,94297.60635446505,0.10500000000000001,-44.39836371924472,TSL,donchian_breakout
1746065220000,1746081960000,BTCUSDT,LONG,94777.63,94812.21367238523,0.10550000000000001,-11.352718943936114,TSL,donchian_breakout
1746084960000,1746086580000,BTCUSDT,LONG,95036.71,94997.19758644271,0.1052,-19.150381214798156,TSL,donchian_breakout
1746123720000,1746135000000,BTCUSDT,SHORT,96533.21,96514.08513549002,0.0998,-12.540928562795022,TSL,donchian_breakout
1746140520000,1746145380000,BTCUSDT,SHORT,96360.01,96688.61126791826,0.1037,-49.09030800223594,TSL,donchian_breakout
1746155100000,1746161100000,BTCUSDT,LONG,97087.3,96891.52136476334,0.10300000000000001,-35.15006337980472,TSL,donchian_breakout
1746178740000,1746181260000,BTCUSDT,SHORT,96611.77,96874.30038998288,0.10350000000000001,-42.19125157724971,TSL,donchian_breakout
1746209460000,1746213420000,BTCUSDT,LONG,97517.44,97027.72450138458,0.10250000000000001,-65.1514981291245,TSL,donchian_breakout
1746237060000,1746246960000,BTCUSDT,SHORT,96435.17,96549.82739203524,0.10360000000000001,-26.873440112211846,TSL,donchian_breakout
1746248940000,1746249300000,BTCUSDT,SHORT,96467.53,96467.53,0.10360000000000001,-14.991054162000001,BE,donchian_breakout
1746252900000,1746258120000,BTCUSDT,SHORT,96316.0,96351.80872306839,0.1038,-18.716134363589617,TSL,donchian_breakout
1746263520000,1746275880000,BTCUSDT,SHORT,96240.91,96084.08371371681,0.1039,1.3073260096821322,TSL,donchian_breakout
1746278820000,1746279120000,BTCUSDT,LONG,96245.72,96245.72,0.1039,-14.999895462000001,BE,donchian_breakout
1746296040000,1746303300000,BTCUSDT,LONG,96211.49,96332.08566379998,0.1039,-2.4740686647839985,TSL,donchian_breakout
1746313920000,1746323700000,BTCUSDT,SHORT,96153.66,96081.9792841658,0.10400000000000001,-7.539585417408337,TSL,donchian_breakout
1746340860000,1746342720000,BTCUSDT,SHORT,95880.31,95949.39372015817,0.1042,-22.190014986212134,TSL,donchian_breakout
1746359640000,1746362820000,BTCUSDT,SHORT,95382.26,95589.99024265508,0.1048,-36.78054829932598,TSL,donchian_breakout
1746384600000,1746387180000,BTCUSDT,SHORT,95389.06,95539.6340429315,0.1048,-30.787155050996105,TSL,donchian_breakout
1746390300000,1746393120000,BTCUSDT,LONG,95699.88,95673.1442308307,0.1044,-17.775722098549302,TSL,donchian_breakout
1746414000000,1746421380000,BTCUSDT,SHORT,94179.99,94352.74860977786,0.1061,-33.33218117230348,TSL,donchian_breakout
1746448080000,1746452340000,BTCUSDT,LONG,94338.01,93895.50073487853,0.10600000000000001,-61.87054620629819,TSL,donchian_breakout
1746460020000,1746466260000,BTCUSDT,SHORT,93664.14,94437.24960714385,0.1038,-94.89247040244793,TSL,donchian_breakout
1746477000000,1746478140000,BTCUSDT,SHORT,94116.01,94116.01,0.1062,-14.992680393,BE,donchian_breakout
1746480300000,1746480780000,BTCUSDT,LONG,94650.01,94362.18127025745,0.1056,-45.36447940941675,SL,donchian_breakout
1746524520000,1746526800000,BTCUSDT,SHORT,94124.46,94322.58905970187,0.1062,-36.05111359794353,TSL,donchian_breakout
1746572400000,1746585780000,BTCUSDT,LONG,96367.92,96754.52346238238,0.0548,13.248537312250498,TSL,donchian_breakout
1746585840000,1746591780000,BTCUSDT,SHORT,96720.21,96641.69240127034,0.1029,-6.843243908535207,TSL,donchian_breakout
1746595620000,1746599340000,BTCUSDT,SHORT,96396.0,96599.53222749679,0.1037,-36.11651951041081,TSL,donchian_breakout
1746599820000,1746602760000,BTCUSDT,SHORT,96497.83,96758.01949333781,0.10360000000000001,-41.971611015429076,TSL,donchian_breakout
1746618660000,1746623700000,BTCUSDT,LONG,97045.93,96900.45201712193,0.10300000000000001,-29.96659024726278,TSL,donchian_breakout
1746633960000,1746642780000,BTCUSDT,SHORT,96750.01,96750.01,0.1033,-14.9914140495,BE,donchian_breakout
1746658920000,1746662220000,BTCUSDT,LONG,97333.15,97023.08496299619,0.1027,-46.813968298315615,TSL,donchian_breakout
1746683640000,1746688020000,BTCUSDT,SHORT,98747.54,99114.9564319364,0.1012,-52.20030639114829,TSL,donchian_breakout
1746769740000,1746780000000,BTCUSDT,LONG,102969.36,102907.02978848467,0.0971,-21.045211624485393,TSL,donchian_breakout
1746812100000,1746824760000,BTCUSDT,LONG,103158.74,103111.6358678298,0.0424,-8.556613156613759,TSL,donchian_breakout
1746849420000,1746854340000,BTCUSDT,LONG,103222.23,103111.96395160629,0.09680000000000001,-25.65361596539746,TSL,donchian_breakout
1746909780000,1746910620000,BTCUSDT,LONG,103278.19,103234.57700161378,0.09680000000000001,-19.214565128103185,TSL,donchian_breakout
1746913200000,1746913440000,BTCUSDT,LONG,103279.02,103279.02,0.09680000000000001,-14.996113704000003,BE,donchian_breakout
1746916680000,1746931440000,BTCUSDT,LONG,103796.65,104066.87604436994,0.09630000000000001,11.00982490427145,TSL,donchian_breakout
1746957000000,1746960300000,BTCUSDT,LONG,104351.69,104351.69,0.09580000000000001,-14.995337853000002,BE,donchian_breakout
1746969660000,1746976380000,BTCUSDT,SHORT,104500.0,104500.0,0.0956,-14.9853,BE,donchian_breakout
1747025640000,1747027680000,BTCUSDT,LONG,104039.75,103788.66513597184,0.0961,-39.10848845403154,TSL,donchian_breakout
1747091040000,1747094940000,BTCUSDT,LONG,102967.88,102580.65152021061,0.0971,-52.568957195509626,TSL,donchian_breakout
1747119660000,1747123080000,BTCUSDT,LONG,102628.24,102643.15811083521,0.0974,-13.54205163664746,TSL,donchian_breakout
1747127100000,1747145460000,BTCUSDT,LONG,102925.08,103070.82302627507,0.0971,-0.850003786579058,TSL,donchian_breakout
1747148700000,1747170600000,BTCUSDT,LONG,103320.05,104400.63000640202,0.09670000000000001,89.42714430161055,TSL,donchian_breakout
1747175220000,1747196580000,BTCUSDT,SHORT,104145.54,103619.92585236738,0.0772,28.547791724385863,TSL,donchian_breakout
1747236840000,1747254840000,BTCUSDT,LONG,103482.26,103397.84534487077,0.0772,-18.49516947544392,TSL,donchian_breakout
1747255320000,1747258260000,BTCUSDT,LONG,103510.0,103583.438795676,0.0966,-7.9097319784447615,TSL,donchian_breakout
1747322100000,1747334880000,BTCUSDT,LONG,102224.63,102951.7474863744,0.0666,38.17746453709028,TSL,donchian_breakout
1747345920000,1747351020000,BTCUSDT,LONG,103312.75,103303.18464352452,0.069,-11.352384214610218,TSL,donchian_breakout
1747370040000,1747390260000,BTCUSDT,SHORT,103893.4,103810.52039722193,0.09620000000000001,-7.012820069409933,TSL,donchian_breakout
1747400160000,1747402500000,BTCUSDT,SHORT,103518.09,103773.79866372577,0.0966,-39.71975424959675,TSL,donchian_breakout
1747417980000,1747426980000,BTCUSDT,SHORT,103888.89,103809.89273490717,0.09620000000000001,-7.385930272393806,TSL,donchian_breakout
1747450020000,1747460700000,BTCUSDT,LONG,103357.59,103518.66695534861,0.08070000000000001,0.477724844410921,TSL,donchian_breakout
1747465560000,1747468440000,BTCUSDT,LONG,103534.39,103457.79152135986,0.0965,-22.372812326381798,TSL,donchian_breakout
1747469220000,1747470360000,BTCUSDT,SHORT,103365.56,103365.56,0.09670000000000001,-14.993174478,BE,donchian_breakout
1747492020000,1747499640000,BTCUSDT,LONG,102997.69,102882.77346897658,0.097,-26.12470722664016,TSL,donchian_breakout
1747502880000,1747508220000,BTCUSDT,LONG,103220.14,103011.0759300992,0.09680000000000001,-35.20978824292194,TSL,donchian_breakout
1747534440000,1747537620000,BTCUSDT,LONG,103319.99,103272.52837785556,0.09670000000000001,-19.572661256721794,TSL,donchian_breakout
1747545600000,1747549800000,BTCUSDT,LONG,103469.99,103469.99,0.0966,-14.992801551000003,BE,donchian_breakout
1747552440000,1747561380000,BTCUSDT,LONG,103529.19,103869.87195356982,0.0965,17.865301410597628,TSL,donchian_breakout
1747586760000,1747591140000,BTCUSDT,LONG,105574.69,104909.18887883787,0.0907,-74.67911755013827,TSL,donchian_breakout
1747603560000,1747613280000,BTCUSDT,LONG,104358.97,107037.83659499734,0.09580000000000001,241.44655924689428,TP,donchian_breakout
1747625940000,1747640520000,BTCUSDT,SHORT,104041.04,102970.33114581005,0.0901,82.48207435733575,TSL,donchian_breakout
1747640580000,1747655760000,BTCUSDT,LONG,103061.09,102976.23285317732,0.0847,-20.275921270128475,TSL,donchian_breakout
1747677780000,1747689960000,BTCUSDT,LONG,105543.71,105251.67594724694,0.094,-42.312275668068956,TSL,donchian_breakout
1747733520000,1747735920000,BTCUSDT,LONG,105340.99,105185.29251936814,0.0949,-29.75989907027966,TSL,donchian_breakout
1747756560000,1747766940000,BTCUSDT,LONG,105388.43,105388.43,0.08320000000000001,-13.152476064,BE,donchian_breakout
1747770180000,1747778700000,BTCUSDT,LONG,106612.7,106374.86051510608,0.050800000000000005,-20.19707188823671,TSL,donchian_breakout
1747782960000,1747792740000,BTCUSDT,LONG,106982.16,106440.18205702362,0.0844,-59.252572639416705,TSL,donchian_breakout
1747797000000,1747812180000,BTCUSDT,LONG,106943.98,106943.98,0.0935,-14.998893194999999,BE,donchian_breakout
1747918560000,1747945560000,BTCUSDT,LONG,111605.24,111123.83390384604,0.056,-36.31336248858359,TSL,donchian_breakout
1747953480000,1747962480000,BTCUSDT,LONG,111252.02,111252.02,0.0898,-14.985647094,BE,donchian_breakout
1748005320000,1748022480000,BTCUSDT,SHORT,108189.67,109488.48026608083,0.0309,-45.17792835431426,TSL,donchian_breakout
1748029800000,1748052900000,BTCUSDT,SHORT,108815.4,107732.22823328263,0.0918,84.52586398079262,TSL,donchian_breakout
1748054460000,1748063460000,BTCUSDT,LONG,107900.11,108294.53179811992,0.0926,21.508740633024985,TSL,donchian_breakout
1748070900000,1748073120000,BTCUSDT,LONG,108166.14,107783.69138244983,0.09240000000000001,-50.30357557643913,TSL,donchian_breakout
1748076180000,1748091240000,BTCUSDT,LONG,108029.79,108801.22721618495,0.0925,56.31529067773602,TSL,donchian_breakout
1748094900000,1748098620000,BTCUSDT,SHORT,108584.14,109009.52986689004,0.092,-54.14983097469877,SL,donchian_breakout
1748106540000,1748112060000,BTCUSDT,LONG,109114.29,108886.33461905368,0.0916,-35.85735580601103,TSL,donchian_breakout
1748120580000,1748121300000,BTCUSDT,SHORT,108848.01,108848.01,0.0918,-14.988370976999999,BE,donchian_breakout
1748139000000,1748142300000,BTCUSDT,SHORT,107524.91,108225.17322162526,0.093,-80.1730479158569,TSL,donchian_breakout
1748148720000,1748151600000,BTCUSDT,LONG,108210.16,107993.57971609368,0.09240000000000001,-34.99493739526976,TSL,donchian_breakout
1748189760000,1748194980000,BTCUSDT,SHORT,106774.0,107264.977910934,0.0669,-43.58582795816582,TSL,donchian_breakout
1748197140000,1748199660000,BTCUSDT,LONG,107391.12,107440.80786666079,0.0931,-10.374698977169537,TSL,donchian_breakout
1748200500000,1748204160000,BTCUSDT,LONG,107481.6,107489.52593241868,0.093,-14.25712431884976,TSL,donchian_breakout
1748205540000,1748208180000,BTCUSDT,LONG,107645.28,107485.24633334255,0.0903,-29.020754995092815,TSL,donchian_breakout
1748303580000,1748307780000,BTCUSDT,LONG,109458.92,109016.35120805717,0.0913,-55.366624900352186,TSL,donchian_breakout
1748370540000,1748374920000,BTCUSDT,SHORT,110057.44,110057.44,0.0908,-14.989823328000002,BE,donchian_breakout
1748404320000,1748412480000,BTCUSDT,LONG,108918.01,108800.7434511083,0.0918,-25.75500536336662,TSL,donchian_breakout
1748423460000,1748429400000,BTCUSDT,SHORT,108881.11,108844.63756813115,0.0918,-11.64224847450511,TSL,donchian_breakout
1748468040000,1748469300000,BTCUSDT,LONG,107435.53,107435.53,0.093,-14.987256435,BE,donchian_breakout
1748485320000,1748496240000,BTCUSDT,SHORT,107975.6,107458.08048571594,0.0926,32.960437912971685,TSL,donchian_breakout
1748553420000,1748558760000,BTCUSDT,LONG,106360.62,106030.10386448777,0.094,-46.04206277059558,TSL,donchian_breakout
1748569500000,1748587140000,BTCUSDT,LONG,105910.8,105843.3994932272,0.0646,-14.613563702969703,TSL,donchian_breakout
1748601600000,1748607000000,BTCUSDT,LONG,105796.0,105321.2725622957,0.0903,-57.165804908980384,TSL,donchian_breakout
1748610780000,1748631240000,BTCUSDT,SHORT,105595.75,104571.71627703242,0.07540000000000001,65.32717249378926,TSL,donchian_breakout
1748631360000,1748641020000,BTCUSDT,LONG,104857.19,104675.32859363178,0.09530000000000001,-32.30772879337101,TSL,donchian_breakout
1748659920000,1748666340000,BTCUSDT,SHORT,103285.19,103629.80165072941,0.0683,-34.13619619212707,TSL,donchian_breakout
1748708640000,1748713440000,BTCUSDT,LONG,104744.27,104449.34264491241,0.0954,-43.10387266010005,TSL,donchian_breakout
1748716980000,1748718120000,BTCUSDT,SHORT,104448.12,104620.27239510206,0.09570000000000001,-31.480868075426024,SL,donchian_breakout
1748724000000,1748725920000,BTCUSDT,LONG,104714.29,104667.52106706025,0.0954,-19.443024784299347,TSL,donchian_breakout
1748735820000,1748745900000,BTCUSDT,SHORT,104585.0,104209.39742321028,0.0956,20.937048045853313,TSL,donchian_breakout
1748751480000,1748756460000,BTCUSDT,LONG,104500.01,104579.84804957826,0.0956,-7.3585082824729,TSL,donchian_breakout
1748783160000,1748800980000,BTCUSDT,LONG,104029.27,104928.88412489241,0.0961,71.39225844360904,TSL,donchian_breakout
1748810400000,1748811180000,BTCUSDT,LONG,105262.88,104932.02962852463,0.095,-46.40717260119302,TSL,donchian_breakout
1748813460000,1748829300000,BTCUSDT,LONG,105175.9,105500.35340977165,0.095,15.812390872860826,TSL,donchian_breakout
1748837280000,1748846460000,BTCUSDT,SHORT,104767.15,105030.7155525248,0.0954,-40.1551909911491,TSL,donchian_breakout
1748856600000,1748871540000,BTCUSDT,SHORT,104662.53,104535.13164301324,0.09280000000000001,-2.7375897219827676,TSL,donchian_breakout
1748880780000,1748894880000,BTCUSDT,SHORT,104235.72,104660.06343622156,0.0794,-46.1326127396191,TSL,donchian_breakout
1748905320000,1748918820000,BTCUSDT,LONG,105772.41,105757.04167663268,0.0863,-15.017530066369927,TSL,donchian_breakout
1748919960000,1748929080000,BTCUSDT,SHORT,105495.24,105351.08613044456,0.0947,-1.323988866513882,TSL,donchian_breakout
1748931660000,1748933400000,BTCUSDT,SHORT,105320.84,105320.84,0.0949,-14.992421574,BE,donchian_breakout
1748961660000,1748969220000,BTCUSDT,LONG,106077.51,106077.51,0.082,-13.04753373,BE,donchian_breakout
1748977200000,1748981100000,BTCUSDT,LONG,106079.22,106079.22,0.0942,-14.988993786000002,BE,donchian_breakout
1748985240000,1748989620000,BTCUSDT,SHORT,105621.46,105757.3407250885,0.0946,-27.85164250481715,TSL,donchian_breakout
1748989920000,1748993160000,BTCUSDT,LONG,105851.02,105492.34702828154,0.0944,-48.821838915825374,TSL,donchian_breakout
1749009720000,1749025080000,BTCUSDT,SHORT,105505.99,105489.11408933048,0.0947,-13.387778527541009,TSL,donchian_breakout
1749039720000,1749048960000,BTCUSDT,SHORT,104939.54,104939.54,0.0952,-14.985366312000002,BE,donchian_breakout
1749058080000,1749072720000,BTCUSDT,SHORT,105291.56,104665.9450501552,0.0949,44.42713331832597,TSL,donchian_breakout
1749096420000,1749097800000,BTCUSDT,LONG,105108.86,105108.86,0.0951,-14.993778879000002,BE,donchian_breakout
1749104340000,1749108600000,BTCUSDT,SHORT,104523.81,104591.58065476235,0.0956,-21.472448105227404,TSL,donchian_breakout
1749145560000,1749148080000,BTCUSDT,SHORT,103223.97,103223.97,0.09680000000000001,-14.988120444000003,BE,donchian_breakout
1749163080000,1749195420000,BTCUSDT,LONG,101521.73,103067.77724613273,0.0985,137.17160389626582,TSL,donchian_breakout
1749201300000,1749213780000,BTCUSDT,LONG,103616.69,103525.02352312893,0.0965,-23.837696534295304,TSL,donchian_breakout
1749253680000,1749255120000,BTCUSDT,LONG,104368.01,104191.27118758234,0.09580000000000001,-31.91656258293871,SL,donchian_breakout
1749286200000,1749286860000,BTCUSDT,SHORT,104789.77,104789.77,0.0954,-14.995416087000002,BE,donchian_breakout
1749299460000,1749301680000,BTCUSDT,LONG,105309.66,105309.66,0.0949,-14.990830101,BE,donchian_breakout
1749318780000,1749319440000,BTCUSDT,SHORT,105386.26,105662.26138016942,0.09480000000000001,-41.17048071019197,TSL,donchian_breakout
1749359220000,1749360360000,BTCUSDT,SHORT,105565.48,105610.16035404986,0.0947,-19.229979384668688,TSL,donchian_breakout
1749368460000,1749369720000,BTCUSDT,SHORT,105442.17,105487.42861250062,0.09480000000000001,-19.28761092640758,TSL,donchian_breakout
1749395040000,1749395820000,BTCUSDT,LONG,105900.0,105900.0,0.0944,-14.995439999999999,BE,donchian_breakout
1749424200000,1749440880000,BTCUSDT,SHORT,105590.55,105583.3380372559,0.0947,-14.315652525979939,TSL,donchian_breakout
1749441180000,1749444600000,BTCUSDT,LONG,105666.65,105501.886253896,0.0946,-30.569058028652268,TSL,donchian_breakout
1749453720000,1749458100000,BTCUSDT,SHORT,105500.0,105629.01457781953,0.0947,-27.21311877989905,TSL,donchian_breakout
1749467340000,1749475500000,BTCUSDT,LONG,107350.9,107549.13354897298,0.0931,3.4501485668281884,TSL,donchian_breakout
1749480480000,1749517440000,BTCUSDT,LONG,107950.44,109924.23051951478,0.0439,79.47588027984365,TSL,donchian_breakout
1749517860000,1749532560000,BTCUSDT,SHORT,109797.85,109687.15418996889,0.091,-4.906532823133756,TSL,donchian_breakout
1749539700000,1749542760000,BTCUSDT,SHORT,109322.93,109322.93,0.09140000000000001,-14.988173703000003,BE,donchian_breakout
1749557520000,1749581340000,BTCUSDT,SHORT,109445.87,109160.05857483458,0.0913,11.125542158440938,TSL,donchian_breakout
1749587820000,1749595920000,BTCUSDT,LONG,109660.0,109660.0,0.0911,-14.985039,BE,donchian_breakout
1749604920000,1749612180000,BTCUSDT,SHORT,109607.11,109849.88889304742,0.0795,-32.38604555626783,TSL,donchian_breakout
1749628560000,1749638880000,BTCUSDT,SHORT,109470.0,109422.44441992449,0.0913,-10.646835670760261,TSL,donchian_breakout
1749648000000,1749654540000,BTCUSDT,LONG,109778.66,109778.66,0.091,-14.98478709,BE,donchian_breakout
1749695520000,1749705720000,BTCUSDT,SHORT,108505.64,107802.86255409401,0.0921,49.784292954017396,TSL,donchian_breakout
1749740700000,1749742020000,BTCUSDT,LONG,107780.36,107130.57758303758,0.0927,-75.1765129878772,SL,donchian_breakout
1749745200000,1749753960000,BTCUSDT,LONG,107529.68,107529.68,0.0606,-9.774447912000001,BE,donchian_breakout
1749816780000,1749824160000,BTCUSDT,LONG,105169.74,104321.48351245515,0.095,-95.51061599202401,TSL,donchian_breakout
1749824880000,1749831360000,BTCUSDT,SHORT,104176.49,105859.24555038418,0.0432,-79.50019760842869,TSL,donchian_breakout
1749835740000,1749849780000,BTCUSDT,SHORT,105063.2,105278.2096258192,0.052000000000000005,-19.38381551800567,TSL,donchian_breakout
1749858060000,1749858600000,BTCUSDT,LONG,105978.0,105978.0,0.09430000000000001,-14.990588100000002,BE,donchian_breakout
1749870960000,1749880080000,BTCUSDT,SHORT,105246.05,105346.30146232522,0.095,-24.528593962586662,TSL,donchian_breakout
1749892140000,1749897000000,BTCUSDT,SHORT,105007.03,105007.03,0.0952,-14.995003884000003,BE,donchian_breakout
1749904260000,1749908220000,BTCUSDT,SHORT,104888.0,105066.12959705348,0.09530000000000001,-31.982222012146497,TSL,donchian_breakout
1749935640000,1749936180000,BTCUSDT,LONG,105007.72,105007.72,0.0952,-14.995102416000002,BE,donchian_breakout
1749951240000,1749953220000,BTCUSDT,SHORT,105414.02,105576.2429765965,0.09480000000000001,-30.380145878984415,TSL,donchian_breakout
1749971160000,1749971580000,BTCUSDT,SHORT,105400.0,105400.0,0.09480000000000001,-14.98788,BE,donchian_breakout
1749976020000,1749982320000,BTCUSDT,SHORT,105245.91,105111.0312291268,0.095,-2.1744488296214817,TSL,donchian_breakout
1749983820000,1749989400000,BTCUSDT,SHORT,104974.79,105120.15151401621,0.0952,-28.839194958444395,TSL,donchian_breakout
1750001940000,1750002960000,BTCUSDT,LONG,105772.0,105542.94302201754,0.0945,-36.622831006027795,TSL,donchian_breakout
1750026300000,1750036020000,BTCUSDT,LONG,105239.59,105239.59,0.095,-14.996641575,BE,donchian_breakout
1750100280000,1750109760000,BTCUSDT,LONG,108223.99,108421.59707883683,0.09240000000000001,3.245354899959083,TSL,donchian_breakout
1750113060000,1750128780000,BTCUSDT,SHORT,108538.46,107238.56755467098,0.0921,104.81529603646419,TSL,donchian_breakout
1750191360000,1750203060000,BTCUSDT,SHORT,104431.95,104609.11331363292,0.0579,-19.335364033740476,TSL,donchian_breakout
1750218720000,1750228140000,BTCUSDT,LONG,105240.0,105240.0,0.095,-14.9967,BE,donchian_breakout
1750238760000,1750248780000,BTCUSDT,SHORT,104902.06,104902.06,0.09530000000000001,-14.995749477000002,BE,donchian_breakout
1750261140000,1750267920000,BTCUSDT,LONG,104909.99,103893.1654263109,0.06330000000000001,-74.27792531838486,TSL,donchian_breakout
1750277100000,1750279200000,BTCUSDT,SHORT,103738.01,104533.29976352908,0.050100000000000006,-47.669811617171845,TSL,donchian_breakout
1750342860000,1750351140000,BTCUSDT,LONG,104559.53,104213.20045533912,0.0956,-48.078109243228205,TSL,donchian_breakout
1750359120000,1750363260000,BTCUSDT,SHORT,104305.76,104305.76,0.09580000000000001,-14.988737712000002,BE,donchian_breakout
1750368000000,1750370400000,BTCUSDT,LONG,104336.27,104336.27,0.09580000000000001,-14.993121999000003,BE,donchian_breakout
1750392240000,1750398540000,BTCUSDT,SHORT,104573.91,104365.03973033023,0.0956,4.987075084765603,TSL,donchian_breakout
1750401840000,1750406400000,BTCUSDT,LONG,104761.85,105834.4708473709,0.0954,87.25986208255424,TP,donchian_breakout
1750412820000,1750426620000,BTCUSDT,LONG,105962.74,105768.66025390288,0.09430000000000001,-33.276423339915944,TSL,donchian_breakout
1750511880000,1750513140000,BTCUSDT,LONG,103866.97,103754.55884378406,0.09620000000000001,-25.793846534052243,SL,donchian_breakout
1750520220000,1750522920000,BTCUSDT,SHORT,103343.79,103583.75729254252,0.09670000000000001,-38.21225755625388,TSL,donchian_breakout
1750534500000,1750550220000,BTCUSDT,SHORT,102415.1,102103.74604241957,0.07250000000000001,11.452449671024727,TSL,donchian_breakout
1750576380000,1750581720000,BTCUSDT,SHORT,102644.71,102644.71,0.0974,-14.996392131000002,BE,donchian_breakout
1750607580000,1750624860000,BTCUSDT,SHORT,99190.54,99190.54,0.053000000000000005,-7.885647930000001,BE,donchian_breakout
1750670460000,1750682820000,BTCUSDT,SHORT,101626.23,101516.67298402736,0.0983,-4.207255852387498,TSL,donchian_breakout
1750699560000,1750726140000,BTCUSDT,LONG,101786.98,104931.26803182001,0.031,92.66672971968077,TSL,donchian_breakout
1750738260000,1750742100000,BTCUSDT,SHORT,104840.01,105161.79507318667,0.09530000000000001,-45.67599649229647,TSL,donchian_breakout
1750744920000,1750752480000,BTCUSDT,LONG,105484.95,104750.2193818486,0.0785,-70.0539491222412,TSL,donchian_breakout
1750759020000,1750762860000,BTCUSDT,SHORT,105170.58,105372.90682447402,0.095,-34.22227176127544,TSL,donchian_breakout
1750824300000,1750830120000,BTCUSDT,SHORT,106200.0,106262.97054923906,0.0941,-20.92010282990847,TSL,donchian_breakout
1750852560000,1750864680000,BTCUSDT,LONG,107221.71,107221.71,0.0932,-14.989595058000003,BE,donchian_breakout
1750875060000,1750888860000,BTCUSDT,LONG,107479.99,107475.46934972978,0.0872,-14.452287745035544,TSL,donchian_breakout
1750936560000,1750938660000,BTCUSDT,SHORT,107300.0,107300.0,0.0931,-14.984445000000003,BE,donchian_breakout
1750943580000,1750948560000,BTCUSDT,SHORT,107020.96,107671.17571200669,0.09340000000000001,-75.76933160805036,SL,donchian_breakout
1750954920000,1750965960000,BTCUSDT,SHORT,107031.5,107502.07163278249,0.09340000000000001,-58.97946719476118,TSL,donchian_breakout
1750966680000,1750972080000,BTCUSDT,LONG,107575.53,107575.53,0.09290000000000001,-14.9906501055,BE,donchian_breakout
1750979040000,1750988520000,BTCUSDT,SHORT,106911.6,106827.47025082145,0.0935,-7.122320753144269,TSL,donchian_breakout
1751017860000,1751025180000,BTCUSDT,LONG,107099.99,106965.35794122989,0.09330000000000001,-27.5403938054397,TSL,donchian_breakout
1751090460000,1751094540000,BTCUSDT,LONG,107303.29,107415.52104697246,0.0931,-4.544030508218675,TSL,donchian_breakout
1751100600000,1751103240000,BTCUSDT,SHORT,107347.86,107317.32238167051,0.0931,-12.145944093324946,TSL,donchian_breakout
1751115000000,1751116140000,BTCUSDT,LONG,107328.77,107328.77,0.0931,-14.9884627305,BE,donchian_breakout
1751130660000,1751134680000,BTCUSDT,LONG,107368.99,107409.83635999654,0.0931,-11.19413543490958,TSL,donchian_breakout
1751136480000,1751137140000,BTCUSDT,SHORT,107263.04,107317.95881227765,0.0932,-20.11764512125557,TSL,donchian_breakout
1751138220000,1751138340000,BTCUSDT,LONG,107320.12,107320.12,0.0931,-14.987254757999999,BE,donchian_breakout
1751140500000,1751142480000,BTCUSDT,SHORT,107232.6,107232.04688206245,0.0932,-14.939528225276142,TSL,donchian_breakout
1751150460000,1751152020000,BTCUSDT,LONG,107339.99,107339.99,0.0931,-14.9900296035,BE,donchian_breakout
1751153280000,1751154840000,BTCUSDT,SHORT,107313.51,107294.8651899134,0.0931,-13.249197978573577,TSL,donchian_breakout
1751167140000,1751167380000,BTCUSDT,SHORT,107267.49,107284.85288845195,0.0932,-16.615429971623797,TSL,donchian_breakout
1751177460000,1751177700000,BTCUSDT,LONG,107316.9,107316.9,0.0931,-14.986805085,BE,donchian_breakout
1751190840000,1751193900000,BTCUSDT,LONG,107971.79,107945.20313425054,0.0926,-17.457378941573467,TSL,donchian_breakout
1751222820000,1751224500000,BTCUSDT,LONG,107702.41,107511.16615401051,0.09280000000000001,-32.72629380814391,SL,donchian_breakout
1751225940000,1751228160000,BTCUSDT,SHORT,107493.27,107447.62776142439,0.093,-10.747399431327072,TSL,donchian_breakout
1751252160000,1751255520000,BTCUSDT,SHORT,108488.56,108535.29289307463,0.0921,-19.295022090762536,TSL,donchian_breakout
1751255580000,1751257380000,BTCUSDT,LONG,108549.0,108433.8297753803,0.0921,-25.595266654208274,SL,donchian_breakout
1751258460000,1751266440000,BTCUSDT,SHORT,108408.61,107565.87245745948,0.0922,62.76576596030252,TP,donchian_breakout
1751270340000,1751270820000,BTCUSDT,SHORT,107614.08,107743.74978590063,0.09290000000000001,-27.051379900500557,TSL,donchian_breakout
1751273760000,1751279760000,BTCUSDT,SHORT,107506.78,107546.08753578078,0.093,-18.655538338233523,TSL,donchian_breakout
1751281140000,1751284500000,BTCUSDT,LONG,107649.49,107669.57500655571,0.09280000000000001,-13.122318316087094,TSL,donchian_breakout
1751287800000,1751290080000,BTCUSDT,SHORT,107561.16,107836.10957339921,0.09290000000000001,-40.55062012631302,TSL,donchian_breakout
1751305320000,1751307840000,BTCUSDT,LONG,107766.19,107313.78281164035,0.0927,-56.89158147066867,SL,donchian_breakout
1751308200000,1751311560000,BTCUSDT,SHORT,107236.74,107571.42694312711,0.0932,-46.207913968770704,TSL,donchian_breakout
1751319780000,1751320020000,BTCUSDT,SHORT,107331.2,107331.2,0.0931,-14.988802080000001,BE,donchian_breakout
1751331600000,1751333280000,BTCUSDT,LONG,107410.24,107410.24,0.0931,-14.999840016000002,BE,donchian_breakout
1751345040000,1751353320000,BTCUSDT,SHORT,107046.81,106950.22818236217,0.09340000000000001,-5.969750757301765,TSL,donchian_breakout
1751358780000,1751370600000,BTCUSDT,SHORT,106882.88,106536.65955396713,0.0935,17.40556649285228,TSL,donchian_breakout
1751371320000,1751377140000,BTCUSDT,LONG,106655.15,106655.15,0.0937,-14.9903813325,BE,donchian_breakout
1751402220000,1751407260000,BTCUSDT,LONG,105734.72,105734.72,0.0945,-14.98789656,BE,donchian_breakout
1751424420000,1751443260000,BTCUSDT,LONG,105747.85,107324.43990461141,0.0945,133.8862474387886,TP,donchian_breakout
1751451420000,1751455860000,BTCUSDT,LONG,107717.48,107733.83748101223,0.09280000000000001,-13.477437458742836,TSL,donchian_breakout
1751468280000,1751489220000,BTCUSDT,LONG,108158.43,109285.77604535526,0.0732,70.58404360811568,TSL,donchian_breakout
1751542200000,1751545800000,BTCUSDT,SHORT,109621.98,109898.35079047747,0.0912,-40.22020671761468,TSL,donchian_breakout
1751569140000,1751576820000,BTCUSDT,LONG,109678.75,109764.29978342204,0.0911,-7.19986110670409,TSL,donchian_breakout
1751580120000,1751584560000,BTCUSDT,LONG,109845.6,109620.7392390474,0.091,-35.44090689975231,TSL,donchian_breakout
1751594760000,1751601300000,BTCUSDT,SHORT,109434.2,109241.7968012571,0.0913,2.592573164261089,TSL,donchian_breakout
1751616360000,1751619840000,BTCUSDT,SHORT,108632.02,108842.33998470973,0.092,-34.35516943223991,TSL,donchian_breakout
1751631360000,1751651760000,BTCUSDT,SHORT,108842.43,107722.73180985812,0.0918,87.87778246441556,TSL,donchian_breakout
1751686140000,1751687040000,BTCUSDT,LONG,108249.99,108124.2474880549,0.09230000000000001,-26.584540442644002,TSL,donchian_breakout
1751691660000,1751692980000,BTCUSDT,SHORT,108125.67,108125.67,0.09240000000000001,-14.986217862,BE,donchian_breakout
1751700900000,1751702520000,BTCUSDT,SHORT,108068.32,108067.62808822577,0.0925,-14.9304295595038,TSL,donchian_breakout
1751729940000,1751730060000,BTCUSDT,SHORT,108100.0,108100.0,0.0925,-14.998875,BE,donchian_breakout
1751747040000,1751748480000,BTCUSDT,SHORT,108012.13,108072.14334600077,0.0925,-20.542080968449447,TSL,donchian_breakout
1751748600000,1751750040000,BTCUSDT,LONG,108090.99,108072.00289351346,0.0925,-16.752614981992796,TSL,donchian_breakout
1751765220000,1751765280000,BTCUSDT,SHORT,108132.91,108132.91,0.09240000000000001,-14.987221326000002,BE,donchian_breakout
1751769360000,1751770560000,BTCUSDT,SHORT,108123.84,108135.61978183548,0.09240000000000001,-16.075232404480328,TSL,donchian_breakout
1751788860000,1751789160000,BTCUSDT,SHORT,108030.6,108058.93140509272,0.0925,-17.61186621230442,SL,donchian_breakout
1751805480000,1751805660000,BTCUSDT,LONG,108117.57,108117.57,0.09240000000000001,-14.985095202000002,BE,donchian_breakout
1751812200000,1751819640000,BTCUSDT,LONG,108991.97,108734.43963076675,0.0917,-38.58966868104526,TSL,donchian_breakout
1751830380000,1751832120000,BTCUSDT,SHORT,108420.02,108586.15918407205,0.0922,-30.324010062021244,TSL,donchian_breakout
1751858460000,1751859960000,BTCUSDT,LONG,109465.59,109465.59,0.0913,-14.991312550500002,BE,donchian_breakout
1751863200000,1751873280000,BTCUSDT,SHORT,109186.04,108952.43595883076,0.0915,6.405016854310468,TSL,donchian_breakout
1751882760000,1751887620000,BTCUSDT,SHORT,108756.47,108756.47,0.09190000000000001,-14.9920793895,BE,donchian_breakout
1751893920000,1751909400000,BTCUSDT,SHORT,108234.52,108234.52,0.09230000000000001,-14.985069294000002,BE,donchian_breakout
1751915820000,1751921160000,BTCUSDT,LONG,108240.0,107919.75171916405,0.09230000000000001,-44.522575133917236,TSL,donchian_breakout
1751937420000,1751944500000,BTCUSDT,SHORT,108082.08,107753.9367251914,0.0925,15.379629259486101,TSL,donchian_breakout
1751945940000,1751964240000,BTCUSDT,LONG,107954.78,108298.11898871341,0.0926,16.774426520095698,TSL,donchian_breakout
1751964960000,1751966220000,BTCUSDT,SHORT,108280.0,108362.312155709,0.09230000000000001,-22.59447603092015,TSL,donchian_breakout
1751969460000,1751977140000,BTCUSDT,LONG,108493.78,108744.89680441367,0.0921,8.122096086234322,TSL,donchian_breakout
1752005460000,1752006240000,BTCUSDT,SHORT,108714.78,108823.89406711722,0.09190000000000001,-25.021435878148385,TSL,donchian_breakout
1752013980000,1752017280000,BTCUSDT,LONG,108902.16,108854.95447108199,0.0918,-19.32604488600763,TSL,donchian_breakout
1752030600000,1752034140000,BTCUSDT,SHORT,108580.01,108452.97369804779,0.092,-3.2879360955624675,TSL,donchian_breakout
1752046560000,1752049020000,BTCUSDT,SHORT,108738.47,108803.36892985254,0.09190000000000001,-20.958282901688623,TSL,donchian_breakout
1752052020000,1752054120000,BTCUSDT,SHORT,108641.72,108642.63239829367,0.092,-15.076560958500142,TSL,donchian_breakout
1752077460000,1752094440000,BTCUSDT,LONG,109160.8,110731.764518642,0.0916,128.79373072517603,TSL,donchian_breakout
1752098340000,1752103260000,BTCUSDT,SHORT,110818.36,111472.43168983498,0.0902,-74.03523848093238,TSL,donchian_breakout
1752108900000,1752111660000,BTCUSDT,SHORT,110983.17,111190.02345952883,0.0901,-33.65085025157583,TSL,donchian_breakout
1752136740000,1752138600000,BTCUSDT,LONG,111349.96,111161.92876458119,0.0898,-31.871380648904662,TSL,donchian_breakout
1752148380000,1752148800000,BTCUSDT,SHORT,111000.02,111000.02,0.09000000000000001,-14.985002700000003,BE,donchian_breakout
1752150300000,1752155040000,BTCUSDT,SHORT,110775.88,110775.88,0.0902,-14.987976564000002,BE,donchian_breakout
1752159720000,1752182340000,BTCUSDT,LONG,111269.99,115704.45826000594,0.0898,382.9285206582212,TP,donchian_breakout
1752198480000,1752224640000,BTCUSDT,LONG,116019.99,117926.99878034096,0.08610000000000001,149.08632918686575,TSL,donchian_breakout
1752272280000,1752275400000,BTCUSDT,SHORT,117426.96,117643.79819245778,0.08510000000000001,-33.45632131978983,TSL,donchian_breakout
1752308160000,1752310260000,BTCUSDT,LONG,117867.99,117724.47676775043,0.0848,-27.153602981193092,TSL,donchian_breakout
1752316380000,1752319920000,BTCUSDT,LONG,118140.96,117934.74044618143,0.08460000000000001,-32.42517744636183,TSL,donchian_breakout
1752331980000,1752337560000,BTCUSDT,SHORT,117380.01,117336.090269252,0.08510000000000001,-11.243186013030915,TSL,donchian_breakout
1752351180000,1752356100000,BTCUSDT,SHORT,117464.45,117274.29696591894,0.08510000000000001,1.1998226751981598,TSL,donchian_breakout
1752358620000,1752363420000,BTCUSDT,SHORT,117376.49,117311.28983440448,0.08510000000000001,-9.430413455751726,TSL,donchian_breakout
1752370560000,1752372960000,BTCUSDT,LONG,117440.0,117463.95269911095,0.08510000000000001,-12.95437008667933,TSL,donchian_breakout
1752373080000,1752374520000,BTCUSDT,SHORT,117418.74,117499.91264873584,0.08510000000000001,-21.901475412725482,TSL,donchian_breakout
1752381240000,1752384300000,BTCUSDT,LONG,117822.56,117808.63239204614,0.0848,-16.167204990620956,TSL,donchian_breakout
1752387540000,1752390000000,BTCUSDT,LONG,117797.81,117905.2291389851,0.0848,-5.881570303302639,TSL,donchian_breakout
1752396180000,1752396300000,BTCUSDT,SHORT,117789.61,117789.61,0.0848,-14.982838392,BE,donchian_breakout
1752396360000,1752397080000,BTCUSDT,SHORT,117756.39,117847.06326655205,0.0849,-22.700210217017087,TSL,donchian_breakout
1752402720000,1752404700000,BTCUSDT,SHORT,117772.19,117816.4488146772,0.0849,-18.758679942619125,TSL,donchian_breakout
1752427620000,1752429660000,BTCUSDT,LONG,118712.7,118678.865934282,0.08420000000000001,-17.840105722205024,TSL,donchian_breakout
1752434580000,1752440820000,BTCUSDT,LONG,119134.99,118932.53571363605,0.0839,-31.966313681466023,TSL,donchian_breakout
1752450000000,1752464580000,BTCUSDT,LONG,118782.81,121113.56704834658,0.08410000000000001,180.88520378362313,TP,donchian_breakout
1752491520000,1752494880000,BTCUSDT,SHORT,121739.78,121739.78,0.0821,-14.992253907,BE,donchian_breakout
1752507060000,1752512160000,BTCUSDT,SHORT,120256.42,120256.42,0.0656,-11.833231728,BE,donchian_breakout
1752515460000,1752526380000,BTCUSDT,SHORT,119788.67,120280.60165698007,0.0834,-56.04343313428212,TSL,donchian_breakout
1752534180000,1752555540000,BTCUSDT,SHORT,120004.27,117403.78060050147,0.0833,201.78869901696143,TSL,donchian_breakout
1752555780000,1752561540000,BTCUSDT,LONG,117619.36,116781.63741007753,0.0843,-85.44001739171657,TSL,donchian_breakout
1752626100000,1752629040000,BTCUSDT,LONG,117745.67,117745.67,0.0849,-14.994911074500001,BE,donchian_breakout
1752660720000,1752666480000,BTCUSDT,LONG,119259.59,118996.39062467004,0.0838,-37.03049603491126,TSL,donchian_breakout
1752707040000,1752712920000,BTCUSDT,SHORT,118527.65,119044.79591143492,0.0843,-58.61591822671484,TSL,donchian_breakout
1752728220000,1752735780000,BTCUSDT,LONG,118480.0,118087.8987886123,0.0844,-48.06809023444046,TSL,donchian_breakout
1752751920000,1752756540000,BTCUSDT,SHORT,118125.25,118125.25,0.08460000000000001,-14.990094225,BE,donchian_breakout
1752807780000,1752814260000,BTCUSDT,SHORT,119996.72,120212.46796309846,0.0833,-32.97887434409628,TSL,donchian_breakout
1752814440000,1752818580000,BTCUSDT,LONG,120470.08,120470.08,0.083,-14.998524960000001,BE,donchian_breakout
1752820080000,1752839580000,BTCUSDT,SHORT,120216.07,118837.06995663318,0.08310000000000001,99.6959166559866,TSL,donchian_breakout
1752839760000,1752843780000,BTCUSDT,LONG,119163.95,119163.95,0.0839,-14.9967831075,BE,donchian_breakout
1752869160000,1752875220000,BTCUSDT,SHORT,117207.39,117849.56186082332,0.056900000000000006,-46.57063430150758,TSL,donchian_breakout
1752879960000,1752882480000,BTCUSDT,SHORT,117533.23,117930.13143373781,0.085,-48.74741115911528,TSL,donchian_breakout
1752884640000,1752887220000,BTCUSDT,LONG,117960.0,117626.68031176689,0.0847,-43.197821460149434,SL,donchian_breakout
1752889200000,1752900300000,BTCUSDT,LONG,118032.08,118114.6071933872,0.0847,-8.01116502406416,TSL,donchian_breakout
1752908640000,1752910320000,BTCUSDT,LONG,118206.5,118206.5,0.0845,-14.982673875000001,BE,donchian_breakout
1752911280000,1752916620000,BTCUSDT,SHORT,118165.7,118139.94308533745,0.08460000000000001,-12.81455807331323,TSL,donchian_breakout
1752916860000,1752923700000,BTCUSDT,LONG,118174.72,118258.73544167208,0.08460000000000001,-7.8939963823164545,TSL,donchian_breakout
1752926700000,1752927900000,BTCUSDT,SHORT,118275.26,118275.26,0.0845,-14.991389205,BE,donchian_breakout
1752932220000,1752932880000,BTCUSDT,LONG,118317.27,118236.75495098166,0.0845,-21.795132973318545,SL,donchian_breakout
1752945540000,1752950340000,BTCUSDT,SHORT,117872.08,117986.8552133605,0.0848,-24.733566372539734,TSL,donchian_breakout
1752987960000,1752990120000,BTCUSDT,SHORT,117921.87,117897.4918439872,0.0848,-12.930843783392376,TSL,donchian_breakout
1752991860000,1752992820000,BTCUSDT,SHORT,117800.0,117843.33321777137,0.0848,-18.661572859662826,TSL,donchian_breakout
1753068720000,1753075380000,BTCUSDT,LONG,118579.99,118200.02934177249,0.0843,-47.00110021146312,TSL,donchian_breakout
1753077360000,1753086180000,BTCUSDT,LONG,118430.23,119252.0256552781,0.0844,54.31426652249344,TSL,donchian_breakout
1753090560000,1753095840000,BTCUSDT,SHORT,118737.71,118737.71,0.08420000000000001,-14.996572773000004,BE,donchian_breakout
1753097700000,1753105500000,BTCUSDT,SHORT,118472.11,118744.43242417116,0.062200000000000005,-28.0046064875336,TSL,donchian_breakout
1753121700000,1753123620000,BTCUSDT,LONG,117967.5,117271.16490417237,0.0847,-73.92311880463762,SL,donchian_breakout
1753134180000,1753139880000,BTCUSDT,LONG,117363.0,117177.18415663582,0.0852,-30.81862762223718,TSL,donchian_breakout
1753165140000,1753171620000,BTCUSDT,LONG,117597.87,117597.87,0.085,-14.993728425,BE,donchian_breakout
1753174440000,1753191120000,BTCUSDT,LONG,118298.46,118932.14456129447,0.0845,38.51185586530982,TSL,donchian_breakout
1753194900000,1753219560000,BTCUSDT,LONG,118670.0,119522.9231305808,0.0398,26.836281841668256,TSL,donchian_breakout
1753229460000,1753246560000,BTCUSDT,SHORT,119810.01,118866.55695814859,0.0834,63.754764427174905,TSL,donchian_breakout
1753249440000,1753268040000,BTCUSDT,SHORT,118665.72,118304.10679555667,0.08420000000000001,15.483187251989195,TSL,donchian_breakout
1753296540000,1753302900000,BTCUSDT,LONG,118367.45,117645.28487296356,0.07060000000000001,-63.481732280295965,TSL,donchian_breakout
1753308780000,1753313520000,BTCUSDT,LONG,118308.27,118498.8749351536,0.0601,0.7812745447787837,TSL,donchian_breakout
1753355460000,1753359480000,BTCUSDT,LONG,118476.86,118400.76148134957,0.0844,-21.41706841386537,TSL,donchian_breakout
1753368960000,1753387260000,BTCUSDT,LONG,118970.0,118888.7876416889,0.0683,-17.731120469593314,TSL,donchian_breakout
1753395960000,1753416600000,BTCUSDT,SHORT,118400.01,115179.66126412645,0.0844,257.0118401167079,TP,donchian_breakout
1753455420000,1753466100000,BTCUSDT,SHORT,114970.34,116102.96914583193,0.061200000000000004,-79.92316861470792,TSL,donchian_breakout
1753469280000,1753493820000,BTCUSDT,LONG,116518.0,117348.11646590376,0.0858,56.174708179961726,TSL,donchian_breakout
1753505340000,1753511760000,BTCUSDT,SHORT,117448.36,117395.98944833827,0.08510000000000001,-10.532206657126647,TSL,donchian_breakout
1753513680000,1753514520000,BTCUSDT,SHORT,117329.57,117329.19000000028,0.0852,-14.962318764023177,TSL,donchian_breakout
1753514760000,1753514820000,BTCUSDT,SHORT,117328.68,117330.74792902371,0.0852,-15.17092499748528,TSL,donchian_breakout
1753524000000,1753530720000,BTCUSDT,LONG,117582.36,117867.69053753855,0.085,9.243154969008964,TSL,donchian_breakout
1753544880000,1753550460000,BTCUSDT,LONG,117985.18,118059.04386151739,0.0847,-8.738440250279229,TSL,donchian_breakout
1753551240000,1753553220000,BTCUSDT,SHORT,118011.0,118070.4969303903,0.0847,-20.036467096561907,TSL,donchian_breakout
1753558380000,1753560660000,BTCUSDT,LONG,118099.98,118173.67652948768,0.08460000000000001,-8.75683711213773,TSL,donchian_breakout
1753574700000,1753578480000,BTCUSDT,SHORT,117874.74,117998.83962452722,0.0848,-25.52520782402741,TSL,donchian_breakout
1753579920000,1753581900000,BTCUSDT,LONG,118158.99,118034.24268313777,0.08460000000000001,-25.54008362029045,TSL,donchian_breakout
1753592940000,1753594020000,BTCUSDT,SHORT,118163.55,118289.64533003722,0.08460000000000001,-25.670620164839697,SL,donchian_breakout
1753600140000,1753610400000,BTCUSDT,SHORT,118192.25,117949.43549111945,0.08460000000000001,5.558917506882728,TSL,donchian_breakout
1753612800000,1753613820000,BTCUSDT,LONG,118205.52,118205.52,0.0845,-14.98254966,BE,donchian_breakout
1753631880000,1753642440000,BTCUSDT,LONG,118588.0,118985.5825207273,0.0843,18.49561674243849,TSL,donchian_breakout
1753643040000,1753651740000,BTCUSDT,SHORT,118908.03,119001.26693919665,0.084,-22.820188599687945,TSL,donchian_breakout
1753667460000,1753669560000,BTCUSDT,SHORT,118969.04,119489.15966951838,0.084,-58.71291881872441,SL,donchian_breakout
1753701840000,1753704000000,BTCUSDT,SHORT,118611.44,118839.6021773855,0.0843,-34.24691369526288,TSL,donchian_breakout
1753722780000,1753729380000,BTCUSDT,SHORT,117906.05,117906.05,0.0848,-14.997649560000001,BE,donchian_breakout
1753734360000,1753738920000,BTCUSDT,SHORT,117593.7,118121.9936219858,0.085,-59.931833337195386,TSL,donchian_breakout
1753768440000,1753775820000,BTCUSDT,LONG,118851.99,118851.99,0.08410000000000001,-14.993178538500002,BE,donchian_breakout
1753795800000,1753798080000,BTCUSDT,LONG,118982.85,118041.23102551774,0.084,-94.02851096111765,SL,donchian_breakout
1753828860000,1753835340000,BTCUSDT,LONG,117779.99,117727.45623349227,0.0849,-19.45605341542463,TSL,donchian_breakout
1753867740000,1753886400000,BTCUSDT,SHORT,118149.98,118149.98,0.08460000000000001,-14.993232462,BE,donchian_breakout
1753916700000,1753926780000,BTCUSDT,LONG,117536.99,118104.94829559255,0.085,33.254281559022175,TSL,donchian_breakout
1753929600000,1753932720000,BTCUSDT,LONG,118308.22,118395.06759043122,0.0845,-7.662449459605342,TSL,donchian_breakout
1753933380000,1753934100000,BTCUSDT,LONG,118463.32,118463.32,0.0844,-14.997456312000002,BE,donchian_breakout
1753953660000,1753956060000,BTCUSDT,SHORT,118479.07,118665.00700139531,0.0844,-30.70430299195175,TSL,donchian_breakout
1753961040000,1753963860000,BTCUSDT,SHORT,118459.99,118459.99,0.0844,-14.997034734000001,BE,donchian_breakout
